-- Create the database
CREATE DATABASE IF NOT EXISTS billing;

-- Create the tables
CREATE TABLE IF NOT EXISTS billing.carriers
	(
	carrier_id INT NOT NULL AUTO_INCREMENT,
	carrier_name VARCHAR(40) NOT NULL,
	contract_start DATE,
	contract_active CHAR(1) NOT NULL,
	residual_rate DECIMAL(4,2),
	CONSTRAINT carriers_carrier_id PRIMARY KEY(carrier_id)
	);
	
CREATE TABLE IF NOT EXISTS billing.locations
	(
	location_id INT NOT NULL AUTO_INCREMENT,
	location_name VARCHAR(40) NOT NULL,
	location_address1 VARCHAR(40) NOT NULL,
	location_address2 VARCHAR(20),
	location_city VARCHAR(20),
	location_state VARCHAR(2) NOT NULL,
	location_zip VARCHAR(14) NOT NULL,
	location_active VARCHAR(6) NOT NULL,
	CONSTRAINT locations_location_id PRIMARY KEY(location_id)
	);
	
CREATE TABLE IF NOT EXISTS billing.products
	(
	product_id INT NOT NULL AUTO_INCREMENT,
	carrier_id INT,
	location_id INT,
	product_type VARCHAR(10) NOT NULL,
	bill_type VARCHAR(6) NOT NULL,
	product_upcharge_rate DECIMAL(4,2) NOT NULL,
	product_install_date DATE NOT NULL,
	product_disco_date DATE,
	CONSTRAINT products_product_id PRIMARY KEY(product_id),
	CONSTRAINT products_carrier_id FOREIGN KEY(carrier_id)
		REFERENCES carriers(carrier_id),
	CONSTRAINT products_location_id FOREIGN KEY(location_id)
		REFERENCES locations(location_id)
	);
	
CREATE TABLE IF NOT EXISTS billing.billings
	(
	billing_id INT NOT NULL AUTO_INCREMENT,
	product_id INT,
	bill_mrc DECIMAL(9,2) NOT NULL,
	bill_nrc DECIMAL(9,2) NOT NULL,
	bill_taxes DECIMAL(9,2) NOT NULL,
	bill_invoice_date DATE NOT NULL,
	bill_period_start DATE NOT NULL,
	bill_period_end DATE NOT NULL,
	bill_due_date DATE NOT NULL,
	bill_paid VARCHAR(4),
	CONSTRAINT billings_billing_id PRIMARY KEY(billing_id),
	CONSTRAINT billings_product_id FOREIGN KEY(product_id)
		REFERENCES products(product_id)
	);
	

CREATE TABLE IF NOT EXISTS billing.customerbill
	(
	line_item_id INT NOT NULL AUTO_INCREMENT,
	billing_id INT,
	customer_billed DECIMAL(9,2) NOT NULL,
	month_billed_for INT NOT NULL,
	CONSTRAINT customerbill_line_item_id PRIMARY KEY(line_item_id),
	CONSTRAINT customerbill_billing_id FOREIGN KEY(billing_id)
		REFERENCES billings(billing_id)
	);
		
		
-- Adding items to the created tables
USE billing;

INSERT INTO carriers
VALUES 
	(1,'Verizon','2018-01-02','Y',0.2),
	(2,'AT&T','2018-02-02','N',0.17),
	(3,'Comcast','2019-08-09','Y',0.3),
	(4,'Century-Link','2017-10-01','Y',0.09),
	(5,'Cox Communications','2020-05-04','Y',0.15),
	(6,'Frontier Networks','2012-12-31','Y',0.19),
	(7,'Granite Telecommunications, LLC','2006-04-05','Y',0.1),
	(8,'Bullseye Telecom','2012-09-10','Y',0.11),
	(9,'Ziply Fiber','2017-12-28','Y',0.08),
	(10,'T-Mobile','2012-09-30','Y',0.05),
	(11,'Sprint Corporation','2009-09-08','N',0.16);
	
INSERT locations
VALUES
	(1,'Inn N Out','28101 N PYRAMID PEAK PKWY ','','PHOENIX','AZ',85083,'ACTIVE'),
	(2,'Culvers','21415 N 55TH AVE ','','GLENDALE','AZ',85308,'ACTIVE'),
	(3,'Lucky Boy','21421 N 55TH AVE ','','GLENDALE','AZ',85308,'DEACT'),
	(4,'Smash Burger','21427 N 55TH AVE ','','GLENDALE','AZ',85308,'DEACT'),
	(5,'Rehab Burger Therepy','21219 N 55TH AVE ','','GLENDALE','AZ',85308,'ACTIVE'),
	(6,'Paradise Valley Burger Company','5196 W ARROWHEAD LAKES DR ','','GLENDALE','AZ',85308,'ACTIVE'),
	(7,'5 Guys','5279 W LONE CACTUS DR ','','GLENDALE','AZ',85308,'ACTIVE'),
	(8,'Nurd Berger','5280 W LONE CACTUS DR ','','GLENDALE','AZ',85308,'DEACT'),
	(9,'Joes Farm Grill','5286 W LONE CACTUS DR ','','GLENDALE','AZ',85308,'ACTIVE'),
	(10,'Monkey Burger','5292 W LONE CACTUS DR ','','GLENDALE','AZ',85308,'DEACT'),
	(11,'The Stand Burgers','5268 W MELINDA LN ','','GLENDALE','AZ',85308,'DEACT'),
	(12,'Serial Grillers','5278 W MELINDA LN ','','GLENDALE','AZ',85308,'DEACT'),
	(13,'Graze Premium Burgers','5261 W MELINDA LN ','','GLENDALE','AZ',85308,'ACTIVE'),
	(14,'Detroit Coney Grill','5184 W ARROWHEAD LAKES DR ','','GLENDALE','AZ',85308,'ACTIVE'),
	(15,'Zinburger Wine & Burger Bar','5172 W ARROWHEAD LAKES DR ','','GLENDALE','AZ',85308,'DEACT'),
	(16,'Stufrageous Stuffed Burgers','5160 W ARROWHEAD LAKES DR ','','GLENDALE','AZ',85308,'ACTIVE'),
	(17,'Hopdoddy','5288 W QUAIL AVE ','','GLENDALE','AZ',85308,'DEACT'),
	(18,'Cold Beers & Cheeseburgers','5294 W QUAIL AVE ','','GLENDALE','AZ',85308,'DEACT'),
	(19,'Bings Burger Station','21215 N 53RD AVE ','','GLENDALE','AZ',85308,'DEACT'),
	(20,'Delux','21221 N 53RD AVE ','','GLENDALE','AZ',85308,'DEACT'),
	(21,'Leff-Ts Steak House & Grill in Dewey','21227 N 53RD AVE ','','GLENDALE','AZ',85308,'DEACT'),
	(22,'Blu Burger Grille','21233 N 53RD AVE ','','GLENDALE','AZ',85308,'DEACT'),
	(23,'Dellepiane','21022 N 53RD AVE ','','GLENDALE','AZ',85308,'ACTIVE'),
	(24,'Aioli Gourmet Burgers','21206 N 53RD AVE ','','GLENDALE','AZ',85308,'DEACT'),
	(25,'Blakes Lotaburger','21212 N 53RD AVE ','','GLENDALE','AZ',85308,'DEACT'),
	(26,'Marinos Mob Burgers and Ice Cream','21218 N 53RD AVE ','','GLENDALE','AZ',85308,'ACTIVE'),
	(27,'Diablo Burger','21224 N 53RD AVE ','','GLENDALE','AZ',85308,'DEACT'),
	(28,'Chicago Hamburger Co.','21230 N 53RD AVE ','','GLENDALE','AZ',85308,'DEACT'),
	(29,'Lush Burger','21236 N 53RD AVE ','','GLENDALE','AZ',85308,'ACTIVE'),
	(30,'Joes Farm Grill','5317 W LONE CACTUS DR ','','GLENDALE','AZ',85308,'DEACT'),
	(31,'Hopdoddy','5323 W LONE CACTUS DR ','','GLENDALE','AZ',85308,'ACTIVE'),
	(32,'Chicago Hamburger Co.','5329 W LONE CACTUS DR ','','GLENDALE','AZ',85308,'ACTIVE'),
	(33,'Chicago Hamburger Co.','5333 W LONE CACTUS DR ','','GLENDALE','AZ',85308,'ACTIVE'),
	(34,'Bings Burger Station','5328 W LONE CACTUS DR ','','GLENDALE','AZ',85308,'DEACT'),
	(35,'Cold Beers & Cheeseburgers','5322 W LONE CACTUS DR ','','GLENDALE','AZ',85308,'ACTIVE'),
	(36,'Blu Burger Grille','5316 W LONE CACTUS DR ','','GLENDALE','AZ',85308,'DEACT'),
	(37,'Monkey Burger','5310 W LONE CACTUS DR ','','GLENDALE','AZ',85308,'ACTIVE'),
	(38,'Lucky Boy','5291 W LONE CACTUS DR ','','GLENDALE','AZ',85308,'DEACT'),
	(39,'Culvers','5483 W MELINDA LN ','','GLENDALE','AZ',85308,'DEACT'),
	(40,'Paradise Valley Burger Company','5491 W MELINDA LN ','','GLENDALE','AZ',85308,'ACTIVE'),
	(41,'Inn N Out','5499 W MELINDA LN ','','GLENDALE','AZ',85308,'ACTIVE'),
	(42,'Graze Premium Burgers','5490 W MELINDA LN ','','GLENDALE','AZ',85308,'ACTIVE'),
	(43,'Inn N Out','5498 W MELINDA LN ','','GLENDALE','AZ',85308,'ACTIVE'),
	(44,'Culvers','5508 W MELINDA LN ','','GLENDALE','AZ',85308,'DEACT'),
	(45,'The Stand Burgers','5285 W LONE CACTUS DR ','','GLENDALE','AZ',85308,'ACTIVE'),
	(46,'Stufrageous Stuffed Burgers','21253 N 52ND AVE ','','GLENDALE','AZ',85308,'ACTIVE'),
	(47,'Nurd Berger','21247 N 52ND AVE ','','GLENDALE','AZ',85308,'ACTIVE'),
	(48,'Serial Grillers','21241 N 52ND AVE ','','GLENDALE','AZ',85308,'DEACT'),
	(49,'The Stand Burgers','21235 N 52ND AVE ','','GLENDALE','AZ',85308,'DEACT'),
	(50,'Monkey Burger','21414 N 52ND AVE ','','GLENDALE','AZ',85308,'DEACT'),
	(51,'Lucky Boy','21010 N 53RD AVE ','','GLENDALE','AZ',85308,'ACTIVE'),
	(52,'Blakes Lotaburger','21015 N 53RD AVE ','','GLENDALE','AZ',85308,'DEACT'),
	(53,'5 Guys','21021 N 53RD AVE ','','GLENDALE','AZ',85308,'ACTIVE'),
	(54,'Joess Farm Grill','5287 W QUAIL AVE ','','GLENDALE','AZ',85308,'ACTIVE'),
	(55,'Delux','5281 W QUAIL AVE ','','GLENDALE','AZ',85308,'DEACT'),
	(56,'Nurd Berger','5275 W QUAIL AVE ','','GLENDALE','AZ',85308,'ACTIVE'),
	(57,'The Stand Burgers','5270 W QUAIL AVE ','','GLENDALE','AZ',85308,'ACTIVE'),
	(58,'Stufrageous Stuffed Burgers','5254 W MELINDA LN ','','GLENDALE','AZ',85308,'DEACT'),
	(59,'The Stand Burgers','5248 W MELINDA LN ','','GLENDALE','AZ',85308,'DEACT'),
	(60,'Hopdoddy','5242 W MELINDA LN ','','GLENDALE','AZ',85308,'ACTIVE'),
	(61,'Aioli Gourmet Burgers','5236 W MELINDA LN ','','GLENDALE','AZ',85308,'DEACT'),
	(62,'Zinburger Wine & Burger Bar','21425 N 52ND AVE ','','GLENDALE','AZ',85308,'ACTIVE'),
	(63,'Chicago Hamburger Co.','21419 N 52ND AVE ','','GLENDALE','AZ',85308,'DEACT'),
	(64,'Nurd Berger','5181 W QUAIL AVE ','','GLENDALE','AZ',85308,'DEACT'),
	(65,'Cold Beers & Cheeseburgers','5187 W QUAIL AVE ','','GLENDALE','AZ',85308,'DEACT'),
	(66,'5 Guys','5461 W ARROWHEAD LAKES DR ','','GLENDALE','AZ',85308,'ACTIVE'),
	(67,'Lush Burger','5467 W ARROWHEAD LAKES DR ','','GLENDALE','AZ',85308,'ACTIVE'),
	(68,'Culvers','5473 W ARROWHEAD LAKES DR ','','GLENDALE','AZ',85308,'DEACT'),
	(69,'Marinos Mob Burgers and Ice Cream','5479 W ARROWHEAD LAKES DR ','','GLENDALE','AZ',85308,'ACTIVE'),
	(70,'Stufrageous Stuffed Burgers','5485 W ARROWHEAD LAKES DR ','','GLENDALE','AZ',85308,'ACTIVE'),
	(71,'Smash Burger','5462 W ARROWHEAD LAKES DR ','','GLENDALE','AZ',85308,'DEACT'),
	(72,'Culvers','5468 W ARROWHEAD LAKES DR ','','GLENDALE','AZ',85308,'ACTIVE'),
	(73,'Hopdoddy','5474 W ARROWHEAD LAKES DR ','','GLENDALE','AZ',85308,'ACTIVE'),
	(74,'Hopdoddy','5480 W ARROWHEAD LAKES DR ','','GLENDALE','AZ',85308,'ACTIVE'),
	(75,'5 Guys','5504 W ARROWHEAD LAKES DR ','','GLENDALE','AZ',85308,'DEACT'),
	(76,'Graze Premium Burgers','5490 W QUAIL AVE ','','GLENDALE','AZ',85308,'ACTIVE'),
	(77,'Joes Farm Grill','5484 W QUAIL AVE ','','GLENDALE','AZ',85308,'DEACT'),
	(78,'Graze Premium Burgers','5478 W QUAIL AVE ','','GLENDALE','AZ',85308,'ACTIVE'),
	(79,'Leff-Ts Steak House & Grill in Dewey','5483 W QUAIL AVE ','','GLENDALE','AZ',85308,'DEACT'),
	(80,'Lucky Boy','5496 W QUAIL AVE ','','GLENDALE','AZ',85308,'DEACT'),
	(81,'Diablo Burger','5495 W QUAIL AVE ','','GLENDALE','AZ',85308,'ACTIVE'),
	(82,'Marinos Mob Burgers and Ice Cream','5489 W QUAIL AVE ','','GLENDALE','AZ',85308,'ACTIVE'),
	(83,'Lucky Boy','5477 W QUAIL AVE ','','GLENDALE','AZ',85308,'DEACT'),
	(84,'Diablo Burger','5471 W QUAIL AVE ','','GLENDALE','AZ',85308,'ACTIVE'),
	(85,'Serial Grillers','5276 W QUAIL AVE ','','GLENDALE','AZ',85308,'ACTIVE'),
	(86,'Lucky Boy','5282 W QUAIL AVE ','','GLENDALE','AZ',85308,'ACTIVE'),
	(87,'Stufrageous Stuffed Burgers','5333 W MELINDA LN ','','GLENDALE','AZ',85308,'ACTIVE'),
	(88,'Nurd Berger','21697 N 53RD DR ','','GLENDALE','AZ',85308,'ACTIVE'),
	(89,'Monkey Burger','5467 W MELINDA LN ','','GLENDALE','AZ',85308,'DEACT'),
	(90,'Bings Burger Station','5482 W MELINDA LN ','','GLENDALE','AZ',85308,'ACTIVE'),
	(91,'Bings Burger Station','5475 W MELINDA LN ','','GLENDALE','AZ',85308,'ACTIVE'),
	(92,'Serial Grillers','5260 W MELINDA LN ','','GLENDALE','AZ',85308,'DEACT'),
	(93,'Chicago Hamburger Co.','5516 W MELINDA LN ','','GLENDALE','AZ',85308,'ACTIVE'),
	(94,'Graze Premium Burgers','5524 W MELINDA LN ','','GLENDALE','AZ',85308,'ACTIVE'),
	(95,'Aioli Gourmet Burgers','21655 N 53RD DR ','','GLENDALE','AZ',85308,'DEACT'),
	(96,'5 Guys','21645 N 53RD DR ','','GLENDALE','AZ',85308,'DEACT'),
	(97,'Lucky Boy','5472 W QUAIL AVE ','','GLENDALE','AZ',85308,'DEACT'),
	(98,'Cold Beers & Cheeseburgers','5466 W QUAIL AVE ','','GLENDALE','AZ',85308,'DEACT'),
	(99,'Dellepiane','5465 W QUAIL AVE ','','GLENDALE','AZ',85308,'DEACT');
	
INSERT INTO products
VALUES	
	(1,4,7,'POTS','USAGE',1.1,'2019-01-10',NULL),
	(2,8,6,'DSL','USAGE',0.8,'2020-08-10','2020-08-14'),
	(3,5,82,'FIBER','STATIC',2,'2018-08-30',NULL),
	(4,6,13,'POTS','USAGE',1.1,'2019-08-12',NULL),
	(5,11,19,'DSL','STATIC',0.8,'2018-09-12',NULL),
	(6,5,88,'FIBER','USAGE',2,'2020-01-28',NULL),
	(7,2,7,'POTS','STATIC',1.1,'2019-02-23',NULL),
	(8,5,7,'CABLE','STATIC',1,'2019-08-04',NULL),
	(9,3,86,'CABLE','STATIC',1,'2019-08-29',NULL),
	(10,8,83,'CABLE','STATIC',1,'2018-08-10',NULL),
	(11,6,28,'CABLE','STATIC',1,'2020-06-24',NULL),
	(12,7,88,'POTS','STATIC',1.1,'2018-07-26',NULL),
	(13,4,54,'DSL','STATIC',0.8,'2020-07-02',NULL),
	(14,6,32,'FIBER','USAGE',2,'2019-05-07',NULL),
	(15,6,55,'CABLE','USAGE',1,'2019-06-15',NULL),
	(16,9,85,'DSL','USAGE',0.8,'2019-06-19',NULL),
	(17,3,73,'DSL','STATIC',0.8,'2018-01-02',NULL),
	(18,8,48,'POTS','STATIC',1.1,'2018-10-28',NULL),
	(19,10,67,'DSL','USAGE',0.8,'2018-07-25',NULL),
	(20,4,15,'POTS','STATIC',1.1,'2018-10-09','2018-11-10'),
	(21,4,99,'POTS','USAGE',1.1,'2018-06-19',NULL),
	(22,4,70,'FIBER','STATIC',2,'2019-12-11',NULL),
	(23,10,57,'FIBER','USAGE',2,'2020-07-12',NULL),
	(24,3,4,'DSL','USAGE',0.8,'2019-06-27',NULL),
	(25,5,96,'DSL','USAGE',0.8,'2019-07-13',NULL),
	(26,8,76,'POTS','STATIC',1.1,'2019-02-15',NULL),
	(27,6,13,'POTS','STATIC',1.1,'2019-05-27',NULL),
	(28,11,16,'DSL','STATIC',0.8,'2019-07-05',NULL),
	(29,3,82,'FIBER','STATIC',2,'2019-07-19',NULL),
	(30,6,88,'POTS','STATIC',1.1,'2019-06-18',NULL),
	(31,4,30,'CABLE','USAGE',1,'2018-09-15',NULL),
	(32,3,37,'DSL','USAGE',0.8,'2018-04-04','2018-07-03'),
	(33,11,27,'FIBER','USAGE',2,'2018-07-03',NULL),
	(34,1,90,'CABLE','STATIC',1,'2018-04-11',NULL),
	(35,7,90,'CABLE','STATIC',1,'2020-11-19',NULL),
	(36,3,72,'POTS','USAGE',1.1,'2020-06-03',NULL),
	(37,5,1,'DSL','USAGE',0.8,'2020-03-03',NULL),
	(38,1,96,'FIBER','STATIC',2,'2020-03-30',NULL),
	(39,8,19,'FIBER','STATIC',2,'2018-01-21',NULL),
	(40,8,82,'CABLE','USAGE',1,'2019-02-27',NULL),
	(41,3,12,'CABLE','USAGE',1,'2020-10-18',NULL),
	(42,11,83,'CABLE','STATIC',1,'2019-09-14',NULL),
	(43,4,51,'POTS','USAGE',1.1,'2020-06-09',NULL),
	(44,8,77,'FIBER','STATIC',2,'2019-09-11',NULL),
	(45,10,15,'CABLE','USAGE',1,'2020-04-12',NULL),
	(46,6,7,'FIBER','USAGE',2,'2020-01-26',NULL),
	(47,2,54,'CABLE','STATIC',1,'2018-06-05',NULL),
	(48,11,99,'FIBER','USAGE',2,'2020-01-30',NULL),
	(49,5,59,'DSL','STATIC',0.8,'2020-05-19',NULL),
	(50,5,29,'CABLE','STATIC',1,'2018-09-18',NULL),
	(51,5,25,'DSL','STATIC',0.8,'2020-05-20',NULL),
	(52,3,22,'POTS','USAGE',1.1,'2020-07-16',NULL),
	(53,7,63,'POTS','STATIC',1.1,'2019-05-11',NULL),
	(54,3,8,'DSL','STATIC',0.8,'2020-04-14',NULL),
	(55,11,62,'FIBER','USAGE',2,'2020-05-18',NULL),
	(56,11,15,'POTS','USAGE',1.1,'2018-12-31',NULL),
	(57,2,56,'POTS','STATIC',1.1,'2020-07-12',NULL),
	(58,2,44,'CABLE','USAGE',1,'2020-08-13',NULL),
	(59,8,13,'FIBER','USAGE',2,'2019-09-27',NULL),
	(60,5,97,'POTS','STATIC',1.1,'2020-01-08',NULL),
	(61,2,6,'FIBER','STATIC',2,'2018-02-12',NULL),
	(62,7,52,'POTS','STATIC',1.1,'2019-08-08',NULL),
	(63,7,61,'POTS','STATIC',1.1,'2019-04-18',NULL),
	(64,9,9,'POTS','STATIC',1.1,'2020-07-05',NULL),
	(65,7,35,'POTS','USAGE',1.1,'2020-11-07',NULL),
	(66,10,45,'FIBER','USAGE',2,'2018-12-20',NULL),
	(67,5,19,'FIBER','STATIC',2,'2018-01-08',NULL),
	(68,8,25,'CABLE','STATIC',1,'2019-04-30',NULL),
	(69,10,68,'CABLE','USAGE',1,'2018-08-14',NULL),
	(70,11,68,'FIBER','USAGE',2,'2019-12-23',NULL),
	(71,6,12,'CABLE','STATIC',1,'2018-07-20','2018-08-13'),
	(72,7,75,'FIBER','USAGE',2,'2020-12-14',NULL),
	(73,1,19,'CABLE','USAGE',1,'2019-12-18',NULL),
	(74,4,46,'FIBER','USAGE',2,'2018-04-02',NULL),
	(75,2,18,'POTS','STATIC',1.1,'2019-08-06',NULL),
	(76,2,86,'CABLE','USAGE',1,'2020-08-28',NULL),
	(77,7,51,'FIBER','USAGE',2,'2020-11-08',NULL),
	(78,8,18,'FIBER','USAGE',2,'2020-10-29',NULL),
	(79,3,76,'CABLE','STATIC',1,'2020-02-16',NULL),
	(80,6,14,'DSL','STATIC',0.8,'2018-12-23',NULL),
	(81,8,68,'CABLE','STATIC',1,'2020-06-08',NULL),
	(82,2,27,'FIBER','STATIC',2,'2018-07-15',NULL),
	(83,2,58,'FIBER','STATIC',2,'2018-04-18',NULL),
	(84,9,42,'CABLE','USAGE',1,'2018-07-23',NULL),
	(85,7,72,'POTS','STATIC',1.1,'2018-09-12',NULL),
	(86,9,16,'FIBER','USAGE',2,'2020-08-22',NULL),
	(87,9,44,'DSL','STATIC',0.8,'2019-11-28',NULL),
	(88,11,86,'FIBER','STATIC',2,'2020-11-07',NULL),
	(89,11,36,'POTS','STATIC',1.1,'2019-11-26',NULL),
	(90,11,50,'FIBER','USAGE',2,'2019-08-03',NULL),
	(91,6,44,'FIBER','USAGE',2,'2018-06-04',NULL),
	(92,2,24,'POTS','USAGE',1.1,'2020-10-06',NULL),
	(93,10,71,'FIBER','STATIC',2,'2019-08-05',NULL),
	(94,1,25,'DSL','USAGE',0.8,'2018-12-17',NULL),
	(95,11,66,'FIBER','USAGE',2,'2020-02-29',NULL),
	(96,11,66,'DSL','USAGE',0.8,'2020-11-26',NULL),
	(97,1,7,'DSL','STATIC',0.8,'2020-07-13',NULL),
	(98,11,23,'DSL','USAGE',0.8,'2018-08-09',NULL),
	(99,11,97,'POTS','STATIC',1.1,'2019-10-29',NULL),
	(100,9,11,'FIBER','USAGE',2,'2019-02-09',NULL),
	(101,10,10,'POTS','USAGE',1.1,'2018-09-20',NULL),
	(102,9,45,'DSL','STATIC',0.8,'2020-12-09',NULL),
	(103,5,57,'FIBER','USAGE',2,'2018-09-01',NULL),
	(104,1,16,'CABLE','STATIC',1,'2019-08-20',NULL),
	(105,5,73,'DSL','STATIC',0.8,'2019-11-02',NULL),
	(106,8,77,'CABLE','STATIC',1,'2020-01-05',NULL),
	(107,6,14,'DSL','STATIC',0.8,'2019-04-10',NULL),
	(108,8,37,'FIBER','STATIC',2,'2019-03-18',NULL),
	(109,7,53,'CABLE','STATIC',1,'2018-10-22',NULL),
	(110,5,92,'FIBER','STATIC',2,'2018-12-04',NULL),
	(111,1,69,'POTS','USAGE',1.1,'2020-09-27',NULL),
	(112,3,85,'POTS','STATIC',1.1,'2019-09-15',NULL),
	(113,2,8,'DSL','USAGE',0.8,'2020-09-04',NULL),
	(114,3,76,'CABLE','STATIC',1,'2018-07-19',NULL),
	(115,6,85,'CABLE','USAGE',1,'2019-01-13',NULL),
	(116,8,26,'FIBER','STATIC',2,'2019-03-11',NULL),
	(117,3,94,'FIBER','USAGE',2,'2019-06-26',NULL),
	(118,8,49,'FIBER','USAGE',2,'2018-02-15',NULL),
	(119,9,35,'FIBER','STATIC',2,'2018-11-10',NULL),
	(120,2,96,'POTS','STATIC',1.1,'2020-05-04',NULL),
	(121,5,64,'FIBER','STATIC',2,'2020-01-08',NULL),
	(122,5,16,'CABLE','USAGE',1,'2018-10-26',NULL),
	(123,1,60,'DSL','STATIC',0.8,'2020-05-18',NULL),
	(124,8,43,'CABLE','STATIC',1,'2019-07-21',NULL),
	(125,6,88,'CABLE','STATIC',1,'2019-01-21',NULL),
	(126,2,1,'DSL','USAGE',0.8,'2019-11-27',NULL),
	(127,10,84,'DSL','STATIC',0.8,'2018-12-16','2019-01-03'),
	(128,3,74,'CABLE','STATIC',1,'2018-01-07',NULL),
	(129,4,87,'POTS','USAGE',1.1,'2020-01-11',NULL),
	(130,11,37,'FIBER','USAGE',2,'2019-07-07',NULL),
	(131,7,15,'DSL','USAGE',0.8,'2019-04-25',NULL),
	(132,5,94,'DSL','USAGE',0.8,'2020-04-16',NULL),
	(133,7,54,'FIBER','USAGE',2,'2018-01-01',NULL),
	(134,8,82,'FIBER','USAGE',2,'2020-01-31','2020-04-17'),
	(135,2,72,'DSL','USAGE',0.8,'2018-03-29',NULL),
	(136,11,81,'POTS','STATIC',1.1,'2020-03-22',NULL),
	(137,4,38,'CABLE','STATIC',1,'2019-03-06',NULL),
	(138,5,45,'POTS','USAGE',1.1,'2018-02-04',NULL),
	(139,3,33,'CABLE','STATIC',1,'2018-04-18',NULL),
	(140,2,34,'FIBER','USAGE',2,'2020-03-05',NULL),
	(141,11,7,'FIBER','STATIC',2,'2019-02-06',NULL),
	(142,9,28,'DSL','STATIC',0.8,'2018-03-15',NULL),
	(143,6,9,'POTS','USAGE',1.1,'2019-01-02',NULL),
	(144,3,8,'DSL','USAGE',0.8,'2019-02-17',NULL),
	(145,1,85,'POTS','STATIC',1.1,'2020-04-21',NULL),
	(146,4,53,'POTS','USAGE',1.1,'2019-04-14',NULL),
	(147,1,3,'DSL','STATIC',0.8,'2019-07-24',NULL),
	(148,5,57,'DSL','USAGE',0.8,'2019-04-09',NULL),
	(149,4,84,'POTS','STATIC',1.1,'2018-03-14',NULL),
	(150,7,74,'DSL','USAGE',0.8,'2019-01-17',NULL),
	(151,8,52,'CABLE','USAGE',1,'2020-07-19',NULL),
	(152,9,94,'DSL','USAGE',0.8,'2019-06-26',NULL),
	(153,4,45,'POTS','STATIC',1.1,'2018-05-14',NULL),
	(154,6,89,'DSL','USAGE',0.8,'2018-04-05',NULL),
	(155,7,1,'DSL','STATIC',0.8,'2019-12-05',NULL),
	(156,6,44,'CABLE','STATIC',1,'2020-11-20',NULL),
	(157,9,1,'POTS','USAGE',1.1,'2020-01-21',NULL),
	(158,9,20,'POTS','USAGE',1.1,'2018-03-27',NULL),
	(159,8,91,'CABLE','STATIC',1,'2020-06-27',NULL),
	(160,6,89,'DSL','USAGE',0.8,'2018-11-01',NULL),
	(161,11,14,'CABLE','STATIC',1,'2019-09-07',NULL),
	(162,9,18,'FIBER','USAGE',2,'2018-09-03',NULL),
	(163,2,23,'CABLE','USAGE',1,'2020-11-14',NULL),
	(164,10,67,'DSL','STATIC',0.8,'2018-07-04',NULL),
	(165,3,60,'CABLE','STATIC',1,'2019-01-15',NULL),
	(166,11,30,'FIBER','USAGE',2,'2020-09-02',NULL),
	(167,10,11,'POTS','STATIC',1.1,'2020-02-20',NULL),
	(168,3,51,'FIBER','STATIC',2,'2018-06-24',NULL),
	(169,8,56,'FIBER','USAGE',2,'2019-07-12',NULL),
	(170,9,34,'FIBER','STATIC',2,'2019-08-18',NULL),
	(171,10,82,'POTS','USAGE',1.1,'2020-09-02',NULL),
	(172,8,11,'POTS','USAGE',1.1,'2020-05-07',NULL),
	(173,1,79,'DSL','USAGE',0.8,'2019-08-11',NULL),
	(174,8,48,'FIBER','STATIC',2,'2020-10-28','2020-11-30'),
	(175,4,70,'DSL','USAGE',0.8,'2019-08-20',NULL),
	(176,10,96,'DSL','USAGE',0.8,'2018-06-18',NULL),
	(177,10,53,'CABLE','STATIC',1,'2020-04-16',NULL),
	(178,8,98,'CABLE','USAGE',1,'2019-07-29',NULL),
	(179,3,73,'POTS','STATIC',1.1,'2019-09-06',NULL),
	(180,3,22,'POTS','STATIC',1.1,'2018-05-09',NULL),
	(181,6,88,'FIBER','USAGE',2,'2018-05-09',NULL),
	(182,4,55,'FIBER','STATIC',2,'2018-09-21',NULL),
	(183,9,50,'POTS','STATIC',1.1,'2020-07-07',NULL),
	(184,8,8,'FIBER','STATIC',2,'2018-10-25',NULL),
	(185,4,79,'CABLE','USAGE',1,'2020-10-22',NULL),
	(186,5,54,'DSL','STATIC',0.8,'2019-06-01',NULL),
	(187,9,25,'FIBER','USAGE',2,'2018-06-05',NULL),
	(188,9,13,'POTS','STATIC',1.1,'2018-05-06',NULL),
	(189,11,3,'FIBER','USAGE',2,'2020-07-29',NULL),
	(190,2,45,'FIBER','STATIC',2,'2020-03-26',NULL),
	(191,10,23,'POTS','USAGE',1.1,'2018-02-09',NULL),
	(192,7,85,'DSL','STATIC',0.8,'2018-05-17',NULL),
	(193,5,73,'DSL','USAGE',0.8,'2020-02-06',NULL),
	(194,11,48,'FIBER','USAGE',2,'2019-06-19',NULL),
	(195,1,93,'CABLE','STATIC',1,'2019-10-27',NULL),
	(196,2,99,'FIBER','USAGE',2,'2019-01-05',NULL),
	(197,4,74,'CABLE','USAGE',1,'2019-01-16',NULL),
	(198,1,43,'POTS','STATIC',1.1,'2020-03-29',NULL),
	(199,2,52,'FIBER','USAGE',2,'2019-08-09',NULL),
	(200,1,37,'CABLE','STATIC',1,'2018-02-06',NULL),
	(201,11,32,'POTS','STATIC',1.1,'2018-06-29',NULL),
	(202,5,25,'POTS','STATIC',1.1,'2018-04-17',NULL),
	(203,9,54,'DSL','USAGE',0.8,'2018-05-24',NULL),
	(204,6,79,'CABLE','USAGE',1,'2019-09-02',NULL),
	(205,1,7,'POTS','STATIC',1.1,'2018-11-13',NULL),
	(206,9,98,'DSL','STATIC',0.8,'2020-07-24',NULL),
	(207,9,9,'FIBER','STATIC',2,'2020-07-17',NULL),
	(208,3,23,'POTS','STATIC',1.1,'2020-05-13',NULL),
	(209,7,40,'DSL','USAGE',0.8,'2018-06-14',NULL),
	(210,7,58,'POTS','USAGE',1.1,'2019-02-28',NULL),
	(211,4,7,'POTS','STATIC',1.1,'2020-11-14',NULL),
	(212,9,33,'CABLE','USAGE',1,'2020-04-02',NULL),
	(213,7,71,'POTS','USAGE',1.1,'2019-03-06',NULL),
	(214,4,26,'FIBER','STATIC',2,'2018-07-05',NULL),
	(215,11,91,'POTS','STATIC',1.1,'2019-06-03',NULL),
	(216,7,63,'POTS','STATIC',1.1,'2018-11-23',NULL),
	(217,8,53,'DSL','STATIC',0.8,'2020-11-20',NULL),
	(218,9,69,'FIBER','USAGE',2,'2019-08-16',NULL),
	(219,6,31,'DSL','STATIC',0.8,'2020-04-14',NULL),
	(220,9,47,'DSL','STATIC',0.8,'2020-04-02',NULL),
	(221,2,75,'POTS','USAGE',1.1,'2020-05-27',NULL),
	(222,11,83,'CABLE','STATIC',1,'2018-02-09',NULL),
	(223,9,33,'POTS','STATIC',1.1,'2020-02-19',NULL),
	(224,8,52,'FIBER','STATIC',2,'2020-04-08',NULL),
	(225,3,37,'POTS','STATIC',1.1,'2019-10-13',NULL),
	(226,7,75,'DSL','STATIC',0.8,'2019-01-03',NULL),
	(227,1,93,'FIBER','STATIC',2,'2018-10-27',NULL),
	(228,6,79,'FIBER','STATIC',2,'2020-07-11',NULL),
	(229,9,94,'DSL','STATIC',0.8,'2019-12-17',NULL),
	(230,11,70,'CABLE','STATIC',1,'2018-08-25',NULL),
	(231,11,16,'FIBER','USAGE',2,'2019-10-28',NULL),
	(232,9,64,'POTS','USAGE',1.1,'2018-03-10',NULL),
	(233,10,2,'DSL','USAGE',0.8,'2020-08-08',NULL),
	(234,1,80,'FIBER','STATIC',2,'2018-03-07',NULL),
	(235,5,48,'FIBER','USAGE',2,'2020-05-06',NULL),
	(236,3,37,'POTS','USAGE',1.1,'2020-01-20',NULL),
	(237,8,82,'CABLE','USAGE',1,'2018-07-23',NULL),
	(238,11,56,'FIBER','STATIC',2,'2018-10-30',NULL),
	(239,7,44,'POTS','STATIC',1.1,'2019-07-11',NULL),
	(240,9,41,'DSL','STATIC',0.8,'2020-09-11',NULL),
	(241,1,83,'CABLE','STATIC',1,'2019-09-13','2019-09-19'),
	(242,3,37,'DSL','STATIC',0.8,'2018-08-15',NULL),
	(243,9,14,'FIBER','USAGE',2,'2019-09-21',NULL),
	(244,11,17,'CABLE','USAGE',1,'2018-12-11',NULL),
	(245,6,36,'CABLE','STATIC',1,'2020-02-12',NULL),
	(246,5,62,'FIBER','STATIC',2,'2019-05-11',NULL),
	(247,7,7,'CABLE','USAGE',1,'2019-08-09',NULL),
	(248,10,26,'CABLE','STATIC',1,'2020-04-03',NULL),
	(249,8,87,'CABLE','USAGE',1,'2020-06-21',NULL),
	(250,4,81,'DSL','USAGE',0.8,'2020-08-23',NULL),
	(251,9,40,'POTS','STATIC',1.1,'2019-01-14',NULL),
	(252,8,8,'DSL','USAGE',0.8,'2020-06-24',NULL),
	(253,4,27,'CABLE','USAGE',1,'2018-02-07',NULL),
	(254,6,49,'POTS','STATIC',1.1,'2018-09-06',NULL),
	(255,3,88,'CABLE','STATIC',1,'2020-07-01',NULL),
	(256,7,34,'DSL','STATIC',0.8,'2019-11-18',NULL),
	(257,10,91,'POTS','USAGE',1.1,'2020-10-12',NULL),
	(258,2,90,'CABLE','USAGE',1,'2018-06-18',NULL),
	(259,1,82,'DSL','USAGE',0.8,'2019-12-27',NULL),
	(260,1,10,'CABLE','STATIC',1,'2018-07-06',NULL),
	(261,9,43,'CABLE','USAGE',1,'2020-01-08',NULL),
	(262,5,90,'DSL','STATIC',0.8,'2018-11-30',NULL),
	(263,4,3,'CABLE','STATIC',1,'2020-11-17',NULL),
	(264,10,9,'CABLE','USAGE',1,'2019-08-19',NULL),
	(265,8,50,'FIBER','USAGE',2,'2020-06-27',NULL),
	(266,7,55,'CABLE','STATIC',1,'2018-05-02',NULL),
	(267,7,17,'CABLE','USAGE',1,'2020-09-08',NULL),
	(268,3,29,'DSL','STATIC',0.8,'2018-07-04',NULL),
	(269,7,80,'POTS','STATIC',1.1,'2019-07-12',NULL),
	(270,8,88,'POTS','USAGE',1.1,'2019-06-03',NULL),
	(271,5,4,'DSL','USAGE',0.8,'2019-03-20',NULL),
	(272,11,30,'POTS','STATIC',1.1,'2018-10-31',NULL),
	(273,8,26,'DSL','USAGE',0.8,'2018-08-02',NULL),
	(274,9,63,'POTS','STATIC',1.1,'2019-07-26',NULL),
	(275,10,29,'POTS','STATIC',1.1,'2019-01-01',NULL),
	(276,2,26,'CABLE','USAGE',1,'2019-09-16',NULL),
	(277,11,58,'CABLE','STATIC',1,'2019-05-28',NULL),
	(278,7,59,'DSL','USAGE',0.8,'2019-08-10',NULL),
	(279,8,11,'POTS','STATIC',1.1,'2019-12-19',NULL),
	(280,10,23,'FIBER','STATIC',2,'2018-10-29',NULL),
	(281,6,77,'POTS','USAGE',1.1,'2020-03-07',NULL),
	(282,8,43,'FIBER','STATIC',2,'2019-02-15',NULL),
	(283,5,67,'CABLE','USAGE',1,'2020-04-13',NULL),
	(284,5,4,'DSL','STATIC',0.8,'2020-12-03',NULL),
	(285,1,37,'CABLE','STATIC',1,'2020-08-02',NULL),
	(286,3,51,'FIBER','USAGE',2,'2018-08-26',NULL),
	(287,9,18,'POTS','USAGE',1.1,'2020-05-27',NULL),
	(288,11,30,'CABLE','STATIC',1,'2018-12-05',NULL),
	(289,3,73,'FIBER','STATIC',2,'2019-02-01',NULL),
	(290,3,19,'FIBER','USAGE',2,'2018-02-10',NULL),
	(291,10,54,'CABLE','USAGE',1,'2018-03-11',NULL),
	(292,10,1,'CABLE','USAGE',1,'2018-09-11',NULL),
	(293,11,62,'DSL','STATIC',0.8,'2020-08-08',NULL),
	(294,9,70,'DSL','USAGE',0.8,'2020-05-17','2020-07-28'),
	(295,6,29,'POTS','USAGE',1.1,'2019-06-22',NULL),
	(296,11,2,'CABLE','USAGE',1,'2020-05-11',NULL),
	(297,5,76,'DSL','USAGE',0.8,'2020-09-30',NULL),
	(298,3,58,'CABLE','STATIC',1,'2018-02-22',NULL),
	(299,1,8,'POTS','STATIC',1.1,'2020-02-09',NULL),
	(300,6,98,'FIBER','USAGE',2,'2019-12-22',NULL),
	(301,11,15,'DSL','STATIC',0.8,'2018-11-16',NULL),
	(302,3,88,'FIBER','USAGE',2,'2020-10-02',NULL),
	(303,11,28,'POTS','STATIC',1.1,'2018-02-15',NULL),
	(304,1,92,'DSL','STATIC',0.8,'2019-10-07',NULL),
	(305,3,59,'FIBER','STATIC',2,'2018-08-19',NULL),
	(306,9,19,'FIBER','USAGE',2,'2019-08-24',NULL),
	(307,5,50,'DSL','STATIC',0.8,'2020-07-02',NULL),
	(308,2,43,'FIBER','USAGE',2,'2020-11-26',NULL),
	(309,7,56,'POTS','USAGE',1.1,'2020-05-10',NULL),
	(310,2,72,'DSL','STATIC',0.8,'2018-07-28',NULL),
	(311,1,41,'CABLE','STATIC',1,'2018-02-23',NULL),
	(312,9,99,'CABLE','STATIC',1,'2019-11-14',NULL),
	(313,9,44,'DSL','STATIC',0.8,'2019-06-17',NULL),
	(314,2,36,'CABLE','USAGE',1,'2019-02-10',NULL),
	(315,3,98,'FIBER','STATIC',2,'2019-01-31',NULL),
	(316,5,13,'FIBER','STATIC',2,'2018-10-04',NULL),
	(317,11,30,'DSL','STATIC',0.8,'2018-11-01','2018-11-26'),
	(318,9,44,'FIBER','USAGE',2,'2019-02-11',NULL),
	(319,1,87,'DSL','STATIC',0.8,'2019-12-22',NULL),
	(320,10,72,'DSL','USAGE',0.8,'2020-01-10',NULL),
	(321,6,12,'CABLE','USAGE',1,'2019-02-21',NULL),
	(322,3,44,'FIBER','STATIC',2,'2020-01-09',NULL),
	(323,8,69,'CABLE','USAGE',1,'2019-10-01',NULL),
	(324,4,34,'DSL','USAGE',0.8,'2019-07-29',NULL),
	(325,11,73,'POTS','STATIC',1.1,'2019-11-11',NULL),
	(326,1,62,'FIBER','USAGE',2,'2019-08-27',NULL),
	(327,3,27,'FIBER','USAGE',2,'2018-10-21',NULL),
	(328,8,77,'POTS','USAGE',1.1,'2019-07-03',NULL),
	(329,5,18,'POTS','USAGE',1.1,'2020-05-07','2020-07-18'),
	(330,2,50,'DSL','STATIC',0.8,'2019-12-14',NULL),
	(331,2,14,'CABLE','USAGE',1,'2020-11-20',NULL),
	(332,11,33,'POTS','STATIC',1.1,'2020-01-18',NULL),
	(333,2,69,'FIBER','USAGE',2,'2018-12-19',NULL),
	(334,7,9,'CABLE','STATIC',1,'2020-09-28',NULL),
	(335,1,64,'POTS','USAGE',1.1,'2020-09-27',NULL),
	(336,7,64,'POTS','USAGE',1.1,'2018-01-20',NULL),
	(337,9,52,'CABLE','USAGE',1,'2019-10-05',NULL),
	(338,4,70,'DSL','STATIC',0.8,'2020-01-22',NULL),
	(339,11,68,'FIBER','USAGE',2,'2020-08-04',NULL),
	(340,7,82,'DSL','STATIC',0.8,'2019-08-20',NULL),
	(341,11,62,'FIBER','USAGE',2,'2018-06-13',NULL),
	(342,9,67,'DSL','STATIC',0.8,'2019-03-08',NULL),
	(343,7,52,'FIBER','USAGE',2,'2020-05-01',NULL),
	(344,5,29,'DSL','STATIC',0.8,'2020-04-08',NULL),
	(345,10,50,'DSL','USAGE',0.8,'2018-08-11',NULL),
	(346,4,51,'CABLE','STATIC',1,'2020-07-18',NULL),
	(347,6,41,'CABLE','USAGE',1,'2018-07-06',NULL),
	(348,5,63,'POTS','STATIC',1.1,'2020-01-24',NULL),
	(349,6,61,'DSL','USAGE',0.8,'2018-12-24',NULL),
	(350,1,85,'FIBER','USAGE',2,'2018-03-17',NULL),
	(351,11,84,'POTS','USAGE',1.1,'2020-07-15',NULL),
	(352,2,56,'DSL','USAGE',0.8,'2020-06-19',NULL),
	(353,7,92,'CABLE','STATIC',1,'2018-07-08',NULL),
	(354,2,28,'CABLE','USAGE',1,'2018-07-02',NULL),
	(355,7,7,'FIBER','STATIC',2,'2018-02-05',NULL),
	(356,4,24,'POTS','USAGE',1.1,'2020-05-23',NULL),
	(357,2,49,'POTS','USAGE',1.1,'2018-05-08',NULL),
	(358,3,71,'CABLE','STATIC',1,'2018-06-01',NULL),
	(359,1,41,'POTS','USAGE',1.1,'2019-09-09',NULL),
	(360,10,32,'FIBER','USAGE',2,'2020-09-11',NULL),
	(361,2,59,'CABLE','STATIC',1,'2020-05-02',NULL),
	(362,1,13,'DSL','STATIC',0.8,'2018-03-28',NULL),
	(363,10,98,'FIBER','USAGE',2,'2019-02-02',NULL),
	(364,7,32,'DSL','USAGE',0.8,'2019-12-18',NULL),
	(365,2,19,'FIBER','STATIC',2,'2018-07-20',NULL),
	(366,1,23,'CABLE','USAGE',1,'2020-07-16',NULL),
	(367,1,44,'DSL','STATIC',0.8,'2018-02-09',NULL),
	(368,4,57,'POTS','USAGE',1.1,'2018-06-30',NULL),
	(369,7,24,'FIBER','USAGE',2,'2020-03-10',NULL),
	(370,6,51,'FIBER','STATIC',2,'2020-03-14',NULL),
	(371,7,60,'POTS','USAGE',1.1,'2020-08-21',NULL),
	(372,9,42,'FIBER','STATIC',2,'2019-04-07',NULL),
	(373,1,76,'CABLE','USAGE',1,'2019-12-20',NULL),
	(374,5,70,'CABLE','STATIC',1,'2020-08-03',NULL),
	(375,3,96,'POTS','STATIC',1.1,'2018-03-11',NULL),
	(376,10,78,'POTS','STATIC',1.1,'2018-05-06',NULL),
	(377,2,98,'CABLE','USAGE',1,'2020-06-16',NULL),
	(378,3,6,'POTS','STATIC',1.1,'2019-04-25',NULL),
	(379,9,47,'FIBER','STATIC',2,'2019-02-14',NULL),
	(380,8,64,'DSL','USAGE',0.8,'2018-02-26',NULL),
	(381,2,91,'CABLE','STATIC',1,'2019-03-28',NULL),
	(382,5,59,'POTS','USAGE',1.1,'2019-12-17',NULL),
	(383,8,76,'POTS','STATIC',1.1,'2018-10-02',NULL),
	(384,3,68,'DSL','USAGE',0.8,'2019-06-05',NULL),
	(385,5,20,'CABLE','STATIC',1,'2019-02-13',NULL),
	(386,2,75,'POTS','USAGE',1.1,'2018-10-23',NULL),
	(387,1,67,'POTS','STATIC',1.1,'2020-07-20',NULL),
	(388,1,22,'DSL','USAGE',0.8,'2019-10-31',NULL),
	(389,5,36,'POTS','STATIC',1.1,'2020-04-21',NULL),
	(390,2,50,'CABLE','USAGE',1,'2019-05-18',NULL),
	(391,1,12,'FIBER','STATIC',2,'2020-07-17',NULL),
	(392,2,43,'FIBER','USAGE',2,'2020-09-09',NULL),
	(393,7,72,'FIBER','USAGE',2,'2020-12-04',NULL),
	(394,6,87,'POTS','STATIC',1.1,'2020-02-09',NULL),
	(395,4,35,'CABLE','STATIC',1,'2018-12-13',NULL),
	(396,6,84,'CABLE','USAGE',1,'2020-04-18',NULL),
	(397,9,82,'DSL','USAGE',0.8,'2020-12-05',NULL),
	(398,9,36,'POTS','USAGE',1.1,'2020-03-22',NULL),
	(399,3,42,'CABLE','STATIC',1,'2019-06-17',NULL),
	(400,10,60,'FIBER','STATIC',2,'2018-11-21',NULL),
	(401,1,83,'DSL','STATIC',0.8,'2018-11-26',NULL),
	(402,11,52,'FIBER','USAGE',2,'2019-09-20',NULL),
	(403,3,67,'FIBER','USAGE',2,'2019-03-07',NULL),
	(404,5,16,'CABLE','USAGE',1,'2018-10-18','2019-01-24'),
	(405,2,97,'POTS','STATIC',1.1,'2020-10-03','2020-10-06'),
	(406,2,67,'DSL','USAGE',0.8,'2020-07-16',NULL),
	(407,1,13,'POTS','STATIC',1.1,'2020-03-06',NULL),
	(408,8,79,'CABLE','USAGE',1,'2019-02-19',NULL),
	(409,5,43,'DSL','USAGE',0.8,'2018-06-27',NULL),
	(410,3,69,'DSL','STATIC',0.8,'2018-09-19',NULL),
	(411,5,45,'CABLE','STATIC',1,'2018-01-10',NULL),
	(412,10,90,'CABLE','USAGE',1,'2019-06-30',NULL),
	(413,9,73,'POTS','USAGE',1.1,'2018-11-04',NULL),
	(414,10,42,'DSL','USAGE',0.8,'2019-09-10','2020-01-07'),
	(415,7,62,'POTS','STATIC',1.1,'2020-04-10',NULL),
	(416,1,86,'POTS','USAGE',1.1,'2020-10-02',NULL),
	(417,1,78,'POTS','STATIC',1.1,'2018-02-07',NULL),
	(418,8,20,'POTS','STATIC',1.1,'2019-11-14',NULL),
	(419,9,35,'CABLE','STATIC',1,'2019-07-28',NULL),
	(420,4,55,'FIBER','STATIC',2,'2019-12-26',NULL),
	(421,7,33,'FIBER','STATIC',2,'2020-11-18',NULL),
	(422,2,3,'POTS','STATIC',1.1,'2019-06-26',NULL),
	(423,9,27,'POTS','USAGE',1.1,'2018-02-13',NULL),
	(424,10,33,'DSL','USAGE',0.8,'2019-05-24',NULL),
	(425,6,28,'DSL','STATIC',0.8,'2019-07-11',NULL),
	(426,6,68,'DSL','STATIC',0.8,'2018-12-14',NULL),
	(427,2,27,'FIBER','STATIC',2,'2019-04-03',NULL),
	(428,3,75,'FIBER','USAGE',2,'2018-08-22',NULL),
	(429,11,52,'POTS','STATIC',1.1,'2020-05-03',NULL),
	(430,8,50,'CABLE','USAGE',1,'2019-05-12',NULL),
	(431,10,94,'FIBER','STATIC',2,'2019-10-23',NULL);

INSERT INTO billings
VALUES
	(1,105,160,0,12.8,'2020-01-01','2020-01-01','2020-01-31','2020-01-16','PAID'),
	(2,350,25,0,2,'2020-07-01','2020-07-01','2020-07-31','2020-07-16','PAID'),
	(3,352,125,0,10,'2020-02-01','2020-02-01','2020-02-29','2020-02-16','PAID'),
	(4,113,15,0,1.2,'2020-03-01','2020-03-01','2020-03-31','2020-03-16','PAID'),
	(5,180,195,0,15.6,'2020-07-01','2020-07-01','2020-07-31','2020-07-16','PAID'),
	(6,116,50,0,4,'2020-02-01','2020-02-01','2020-02-29','2020-02-16','PAID'),
	(7,426,115,0,9.2,'2020-07-01','2020-07-01','2020-07-31','2020-07-16','PAID'),
	(8,160,75,0,6,'2020-11-01','2020-11-01','2020-11-30','2020-11-16','PAID'),
	(9,126,195,0,15.6,'2020-01-01','2020-01-01','2020-01-31','2020-01-16','PAID'),
	(10,328,175,0,14,'2020-11-01','2020-11-01','2020-11-30','2020-11-16','PAID'),
	(11,132,130,0,10.4,'2020-03-01','2020-03-01','2020-03-31','2020-03-16','PAID'),
	(12,193,50,0,4,'2020-02-01','2020-02-01','2020-02-29','2020-02-16','PAID'),
	(13,184,75,0,6,'2020-12-01','2020-12-01','2020-12-31','2020-12-16',''),
	(14,41,45,0,3.6,'2020-01-01','2020-01-01','2020-01-31','2020-01-16','PAID'),
	(15,390,40,0,3.2,'2020-03-01','2020-03-01','2020-03-31','2020-03-16','PAID'),
	(16,143,60,0,4.8,'2020-03-01','2020-03-01','2020-03-31','2020-03-16','PAID'),
	(17,411,30,0,2.4,'2020-08-01','2020-08-01','2020-08-31','2020-08-16','PAID'),
	(18,396,55,0,4.4,'2020-11-01','2020-11-01','2020-11-30','2020-11-16','PAID'),
	(19,11,65,0,5.2,'2020-06-01','2020-06-01','2020-06-30','2020-06-16','PAID'),
	(20,214,85,0,6.8,'2020-10-01','2020-10-01','2020-10-31','2020-10-16','PAID'),
	(21,72,25,0,2,'2020-09-01','2020-09-01','2020-09-30','2020-09-16','PAID'),
	(22,72,180,0,14.4,'2020-10-01','2020-10-01','2020-10-31','2020-10-16','PAID'),
	(23,203,25,0,2,'2020-03-01','2020-03-01','2020-03-31','2020-03-16','PAID'),
	(24,324,90,0,7.2,'2020-02-01','2020-02-01','2020-02-29','2020-02-16','PAID'),
	(25,112,70,0,5.6,'2020-04-01','2020-04-01','2020-04-30','2020-04-16','PAID'),
	(26,405,75,0,6,'2020-10-01','2020-10-01','2020-10-31','2020-10-16','PAID'),
	(27,183,20,0,1.6,'2020-02-01','2020-02-01','2020-02-29','2020-02-16','PAID'),
	(28,301,150,0,12,'2020-07-01','2020-07-01','2020-07-31','2020-07-16','PAID'),
	(29,383,155,0,12.4,'2020-05-01','2020-05-01','2020-05-31','2020-05-16','PAID'),
	(30,16,155,0,12.4,'2020-01-01','2020-01-01','2020-01-31','2020-01-16','PAID'),
	(31,306,45,0,3.6,'2020-07-01','2020-07-01','2020-07-31','2020-07-16','PAID'),
	(32,69,150,0,12,'2020-08-01','2020-08-01','2020-08-31','2020-08-16','PAID'),
	(33,272,30,0,2.4,'2020-08-01','2020-08-01','2020-08-31','2020-08-16','PAID'),
	(34,347,75,0,6,'2020-10-01','2020-10-01','2020-10-31','2020-10-16','PAID'),
	(35,104,55,0,4.4,'2020-12-01','2020-12-01','2020-12-31','2020-12-16',''),
	(36,123,200,0,16,'2020-07-01','2020-07-01','2020-07-31','2020-07-16','PAID'),
	(37,77,175,0,14,'2020-07-01','2020-07-01','2020-07-31','2020-07-16','PAID'),
	(38,241,100,0,8,'2020-07-01','2020-07-01','2020-07-31','2020-07-16','PAID'),
	(39,109,145,0,11.6,'2020-08-01','2020-08-01','2020-08-31','2020-08-16','PAID'),
	(40,305,200,0,16,'2020-02-01','2020-02-01','2020-02-29','2020-02-16','PAID'),
	(41,311,35,0,2.8,'2020-11-01','2020-11-01','2020-11-30','2020-11-16','PAID'),
	(42,320,25,0,2,'2020-10-01','2020-10-01','2020-10-31','2020-10-16','PAID'),
	(43,18,160,0,12.8,'2020-05-01','2020-05-01','2020-05-31','2020-05-16','PAID'),
	(44,104,135,0,10.8,'2020-01-01','2020-01-01','2020-01-31','2020-01-16','PAID'),
	(45,91,140,0,11.2,'2020-04-01','2020-04-01','2020-04-30','2020-04-16','PAID'),
	(46,110,120,0,9.6,'2020-02-01','2020-02-01','2020-02-29','2020-02-16','PAID'),
	(47,221,120,0,9.6,'2020-12-01','2020-12-01','2020-12-31','2020-12-16',''),
	(48,192,165,0,13.2,'2020-08-01','2020-08-01','2020-08-31','2020-08-16','PAID'),
	(49,82,100,0,8,'2020-12-01','2020-12-01','2020-12-31','2020-12-16',''),
	(50,205,105,0,8.4,'2020-07-01','2020-07-01','2020-07-31','2020-07-16','PAID'),
	(51,410,55,0,4.4,'2020-10-01','2020-10-01','2020-10-31','2020-10-16','PAID'),
	(52,12,120,0,9.6,'2020-09-01','2020-09-01','2020-09-30','2020-09-16','PAID'),
	(53,87,105,0,8.4,'2020-01-01','2020-01-01','2020-01-31','2020-01-16','PAID'),
	(54,241,155,0,12.4,'2020-07-01','2020-07-01','2020-07-31','2020-07-16','PAID'),
	(55,401,175,0,14,'2020-05-01','2020-05-01','2020-05-31','2020-05-16','PAID'),
	(56,241,180,0,14.4,'2020-01-01','2020-01-01','2020-01-31','2020-01-16','PAID'),
	(57,146,45,0,3.6,'2020-10-01','2020-10-01','2020-10-31','2020-10-16','PAID'),
	(58,171,10,0,0.8,'2020-11-01','2020-11-01','2020-11-30','2020-11-16','PAID'),
	(59,412,20,0,1.6,'2020-10-01','2020-10-01','2020-10-31','2020-10-16','PAID'),
	(60,317,190,0,15.2,'2020-11-01','2020-11-01','2020-11-30','2020-11-16','PAID'),
	(61,408,70,0,5.6,'2020-07-01','2020-07-01','2020-07-31','2020-07-16','PAID'),
	(62,322,85,0,6.8,'2020-11-01','2020-11-01','2020-11-30','2020-11-16','PAID'),
	(63,40,170,0,13.6,'2020-12-01','2020-12-01','2020-12-31','2020-12-16',''),
	(64,285,125,0,10,'2020-01-01','2020-01-01','2020-01-31','2020-01-16','PAID'),
	(65,244,45,0,3.6,'2020-03-01','2020-03-01','2020-03-31','2020-03-16','PAID'),
	(66,107,135,0,10.8,'2020-04-01','2020-04-01','2020-04-30','2020-04-16','PAID'),
	(67,71,155,0,12.4,'2020-07-01','2020-07-01','2020-07-31','2020-07-16','PAID'),
	(68,196,25,0,2,'2020-04-01','2020-04-01','2020-04-30','2020-04-16','PAID'),
	(69,334,95,0,7.6,'2020-09-01','2020-09-01','2020-09-30','2020-09-16','PAID'),
	(70,294,135,0,10.8,'2020-12-01','2020-12-01','2020-12-31','2020-12-16',''),
	(71,215,145,0,11.6,'2020-01-01','2020-01-01','2020-01-31','2020-01-16','PAID'),
	(72,264,105,0,8.4,'2020-06-01','2020-06-01','2020-06-30','2020-06-16','PAID'),
	(73,240,125,0,10,'2020-07-01','2020-07-01','2020-07-31','2020-07-16','PAID'),
	(74,412,175,0,14,'2020-01-01','2020-01-01','2020-01-31','2020-01-16','PAID'),
	(75,260,45,0,3.6,'2020-06-01','2020-06-01','2020-06-30','2020-06-16','PAID'),
	(76,358,180,0,14.4,'2020-06-01','2020-06-01','2020-06-30','2020-06-16','PAID'),
	(77,195,175,0,14,'2020-04-01','2020-04-01','2020-04-30','2020-04-16','PAID'),
	(78,192,125,0,10,'2020-07-01','2020-07-01','2020-07-31','2020-07-16','PAID'),
	(79,396,85,0,6.8,'2020-05-01','2020-05-01','2020-05-31','2020-05-16','PAID'),
	(80,410,155,0,12.4,'2020-06-01','2020-06-01','2020-06-30','2020-06-16','PAID'),
	(81,218,35,0,2.8,'2020-04-01','2020-04-01','2020-04-30','2020-04-16','PAID'),
	(82,313,100,0,8,'2020-05-01','2020-05-01','2020-05-31','2020-05-16','PAID'),
	(83,194,20,0,1.6,'2020-12-01','2020-12-01','2020-12-31','2020-12-16',''),
	(84,137,25,0,2,'2020-08-01','2020-08-01','2020-08-31','2020-08-16','PAID'),
	(85,295,195,0,15.6,'2020-01-01','2020-01-01','2020-01-31','2020-01-16','PAID'),
	(86,367,125,0,10,'2020-03-01','2020-03-01','2020-03-31','2020-03-16','PAID'),
	(87,77,25,0,2,'2020-11-01','2020-11-01','2020-11-30','2020-11-16','PAID'),
	(88,196,55,0,4.4,'2020-07-01','2020-07-01','2020-07-31','2020-07-16','PAID'),
	(89,101,145,0,11.6,'2020-12-01','2020-12-01','2020-12-31','2020-12-16',''),
	(90,47,30,0,2.4,'2020-05-01','2020-05-01','2020-05-31','2020-05-16','PAID'),
	(91,12,125,0,10,'2020-01-01','2020-01-01','2020-01-31','2020-01-16','PAID'),
	(92,194,175,0,14,'2020-03-01','2020-03-01','2020-03-31','2020-03-16','PAID'),
	(93,18,15,0,1.2,'2020-03-01','2020-03-01','2020-03-31','2020-03-16','PAID'),
	(94,159,160,0,12.8,'2020-07-01','2020-07-01','2020-07-31','2020-07-16','PAID'),
	(95,166,185,0,14.8,'2020-07-01','2020-07-01','2020-07-31','2020-07-16','PAID'),
	(96,46,185,0,14.8,'2020-10-01','2020-10-01','2020-10-31','2020-10-16','PAID'),
	(97,226,100,0,8,'2020-03-01','2020-03-01','2020-03-31','2020-03-16','PAID'),
	(98,29,120,0,9.6,'2020-06-01','2020-06-01','2020-06-30','2020-06-16','PAID'),
	(99,226,10,0,0.8,'2020-09-01','2020-09-01','2020-09-30','2020-09-16','PAID'),
	(100,390,200,0,16,'2020-10-01','2020-10-01','2020-10-31','2020-10-16','PAID'),
	(101,229,45,0,3.6,'2020-10-01','2020-10-01','2020-10-31','2020-10-16','PAID'),
	(102,153,70,0,5.6,'2020-06-01','2020-06-01','2020-06-30','2020-06-16','PAID'),
	(103,425,85,0,6.8,'2020-03-01','2020-03-01','2020-03-31','2020-03-16','PAID'),
	(104,49,170,0,13.6,'2020-09-01','2020-09-01','2020-09-30','2020-09-16','PAID'),
	(105,318,200,0,16,'2020-02-01','2020-02-01','2020-02-29','2020-02-16','PAID'),
	(106,323,195,0,15.6,'2020-10-01','2020-10-01','2020-10-31','2020-10-16','PAID'),
	(107,396,65,0,5.2,'2020-03-01','2020-03-01','2020-03-31','2020-03-16','PAID'),
	(108,214,105,0,8.4,'2020-10-01','2020-10-01','2020-10-31','2020-10-16','PAID'),
	(109,280,195,0,15.6,'2020-10-01','2020-10-01','2020-10-31','2020-10-16','PAID'),
	(110,64,180,0,14.4,'2020-04-01','2020-04-01','2020-04-30','2020-04-16','PAID'),
	(111,260,150,0,12,'2020-01-01','2020-01-01','2020-01-31','2020-01-16','PAID'),
	(112,394,85,0,6.8,'2020-02-01','2020-02-01','2020-02-29','2020-02-16','PAID'),
	(113,31,120,0,9.6,'2020-11-01','2020-11-01','2020-11-30','2020-11-16','PAID'),
	(114,259,130,0,10.4,'2020-01-01','2020-01-01','2020-01-31','2020-01-16','PAID'),
	(115,49,180,0,14.4,'2020-06-01','2020-06-01','2020-06-30','2020-06-16','PAID'),
	(116,116,130,0,10.4,'2020-03-01','2020-03-01','2020-03-31','2020-03-16','PAID'),
	(117,101,165,0,13.2,'2020-08-01','2020-08-01','2020-08-31','2020-08-16','PAID'),
	(118,10,150,0,12,'2020-08-01','2020-08-01','2020-08-31','2020-08-16','PAID'),
	(119,340,80,0,6.4,'2020-03-01','2020-03-01','2020-03-31','2020-03-16','PAID'),
	(120,177,145,0,11.6,'2020-09-01','2020-09-01','2020-09-30','2020-09-16','PAID'),
	(121,348,170,0,13.6,'2020-02-01','2020-02-01','2020-02-29','2020-02-16','PAID'),
	(122,68,180,0,14.4,'2020-11-01','2020-11-01','2020-11-30','2020-11-16','PAID'),
	(123,265,160,0,12.8,'2020-08-01','2020-08-01','2020-08-31','2020-08-16','PAID'),
	(124,387,15,0,1.2,'2020-11-01','2020-11-01','2020-11-30','2020-11-16','PAID'),
	(125,313,120,0,9.6,'2020-01-01','2020-01-01','2020-01-31','2020-01-16','PAID'),
	(126,128,200,0,16,'2020-03-01','2020-03-01','2020-03-31','2020-03-16','PAID'),
	(127,59,160,0,12.8,'2020-11-01','2020-11-01','2020-11-30','2020-11-16','PAID'),
	(128,2,20,0,1.6,'2020-12-01','2020-12-01','2020-12-31','2020-12-16',''),
	(129,255,75,0,6,'2020-07-01','2020-07-01','2020-07-31','2020-07-16','PAID'),
	(130,35,90,0,7.2,'2020-03-01','2020-03-01','2020-03-31','2020-03-16','PAID'),
	(131,120,70,0,5.6,'2020-04-01','2020-04-01','2020-04-30','2020-04-16','PAID'),
	(132,128,160,0,12.8,'2020-12-01','2020-12-01','2020-12-31','2020-12-16',''),
	(133,20,155,0,12.4,'2020-05-01','2020-05-01','2020-05-31','2020-05-16','PAID'),
	(134,281,85,0,6.8,'2020-09-01','2020-09-01','2020-09-30','2020-09-16','PAID'),
	(135,190,125,0,10,'2020-07-01','2020-07-01','2020-07-31','2020-07-16','PAID'),
	(136,93,180,0,14.4,'2020-03-01','2020-03-01','2020-03-31','2020-03-16','PAID'),
	(137,37,10,0,0.8,'2020-11-01','2020-11-01','2020-11-30','2020-11-16','PAID'),
	(138,206,125,0,10,'2020-06-01','2020-06-01','2020-06-30','2020-06-16','PAID'),
	(139,272,155,0,12.4,'2020-07-01','2020-07-01','2020-07-31','2020-07-16','PAID'),
	(140,235,35,0,2.8,'2020-10-01','2020-10-01','2020-10-31','2020-10-16','PAID'),
	(141,215,150,0,12,'2020-02-01','2020-02-01','2020-02-29','2020-02-16','PAID'),
	(142,322,145,0,11.6,'2020-06-01','2020-06-01','2020-06-30','2020-06-16','PAID'),
	(143,330,200,0,16,'2020-10-01','2020-10-01','2020-10-31','2020-10-16','PAID'),
	(144,204,80,0,6.4,'2020-08-01','2020-08-01','2020-08-31','2020-08-16','PAID'),
	(145,41,60,0,4.8,'2020-05-01','2020-05-01','2020-05-31','2020-05-16','PAID'),
	(146,180,20,0,1.6,'2020-09-01','2020-09-01','2020-09-30','2020-09-16','PAID'),
	(147,206,55,0,4.4,'2020-03-01','2020-03-01','2020-03-31','2020-03-16','PAID'),
	(148,295,135,0,10.8,'2020-09-01','2020-09-01','2020-09-30','2020-09-16','PAID'),
	(149,62,90,0,7.2,'2020-03-01','2020-03-01','2020-03-31','2020-03-16','PAID'),
	(150,293,155,0,12.4,'2020-11-01','2020-11-01','2020-11-30','2020-11-16','PAID'),
	(151,84,75,0,6,'2020-09-01','2020-09-01','2020-09-30','2020-09-16','PAID'),
	(152,200,60,0,4.8,'2020-05-01','2020-05-01','2020-05-31','2020-05-16','PAID'),
	(153,391,55,0,4.4,'2020-03-01','2020-03-01','2020-03-31','2020-03-16','PAID'),
	(154,375,80,0,6.4,'2020-03-01','2020-03-01','2020-03-31','2020-03-16','PAID'),
	(155,189,155,0,12.4,'2020-07-01','2020-07-01','2020-07-31','2020-07-16','PAID'),
	(156,408,85,0,6.8,'2020-03-01','2020-03-01','2020-03-31','2020-03-16','PAID'),
	(157,105,145,0,11.6,'2020-10-01','2020-10-01','2020-10-31','2020-10-16','PAID'),
	(158,74,150,0,12,'2020-08-01','2020-08-01','2020-08-31','2020-08-16','PAID'),
	(159,313,185,0,14.8,'2020-02-01','2020-02-01','2020-02-29','2020-02-16','PAID'),
	(160,257,80,0,6.4,'2020-06-01','2020-06-01','2020-06-30','2020-06-16','PAID'),
	(161,359,160,0,12.8,'2020-03-01','2020-03-01','2020-03-31','2020-03-16','PAID'),
	(162,7,190,0,15.2,'2020-06-01','2020-06-01','2020-06-30','2020-06-16','PAID'),
	(163,203,120,0,9.6,'2020-11-01','2020-11-01','2020-11-30','2020-11-16','PAID'),
	(164,390,70,0,5.6,'2020-12-01','2020-12-01','2020-12-31','2020-12-16',''),
	(165,411,85,0,6.8,'2020-08-01','2020-08-01','2020-08-31','2020-08-16','PAID'),
	(166,107,10,0,0.8,'2020-09-01','2020-09-01','2020-09-30','2020-09-16','PAID'),
	(167,24,50,0,4,'2020-01-01','2020-01-01','2020-01-31','2020-01-16','PAID'),
	(168,124,45,0,3.6,'2020-11-01','2020-11-01','2020-11-30','2020-11-16','PAID'),
	(169,407,90,0,7.2,'2020-09-01','2020-09-01','2020-09-30','2020-09-16','PAID'),
	(170,28,145,0,11.6,'2020-12-01','2020-12-01','2020-12-31','2020-12-16',''),
	(171,400,100,0,8,'2020-09-01','2020-09-01','2020-09-30','2020-09-16','PAID'),
	(172,297,30,0,2.4,'2020-10-01','2020-10-01','2020-10-31','2020-10-16','PAID'),
	(173,17,50,0,4,'2020-07-01','2020-07-01','2020-07-31','2020-07-16','PAID'),
	(174,140,95,0,7.6,'2020-11-01','2020-11-01','2020-11-30','2020-11-16','PAID'),
	(175,258,80,0,6.4,'2020-06-01','2020-06-01','2020-06-30','2020-06-16','PAID'),
	(176,145,140,0,11.2,'2020-09-01','2020-09-01','2020-09-30','2020-09-16','PAID'),
	(177,236,145,0,11.6,'2020-08-01','2020-08-01','2020-08-31','2020-08-16','PAID'),
	(178,92,50,0,4,'2020-09-01','2020-09-01','2020-09-30','2020-09-16','PAID'),
	(179,282,30,0,2.4,'2020-07-01','2020-07-01','2020-07-31','2020-07-16','PAID'),
	(180,232,125,0,10,'2020-02-01','2020-02-01','2020-02-29','2020-02-16','PAID'),
	(181,257,155,0,12.4,'2020-12-01','2020-12-01','2020-12-31','2020-12-16',''),
	(182,188,140,0,11.2,'2020-03-01','2020-03-01','2020-03-31','2020-03-16','PAID'),
	(183,156,45,0,3.6,'2020-09-01','2020-09-01','2020-09-30','2020-09-16','PAID'),
	(184,256,85,0,6.8,'2020-02-01','2020-02-01','2020-02-29','2020-02-16','PAID'),
	(185,350,180,0,14.4,'2020-12-01','2020-12-01','2020-12-31','2020-12-16',''),
	(186,103,80,0,6.4,'2020-02-01','2020-02-01','2020-02-29','2020-02-16','PAID'),
	(187,24,25,0,2,'2020-02-01','2020-02-01','2020-02-29','2020-02-16','PAID'),
	(188,60,125,0,10,'2020-12-01','2020-12-01','2020-12-31','2020-12-16',''),
	(189,89,95,0,7.6,'2020-08-01','2020-08-01','2020-08-31','2020-08-16','PAID'),
	(190,241,165,0,13.2,'2020-03-01','2020-03-01','2020-03-31','2020-03-16','PAID'),
	(191,348,30,0,2.4,'2020-04-01','2020-04-01','2020-04-30','2020-04-16','PAID'),
	(192,226,25,0,2,'2020-06-01','2020-06-01','2020-06-30','2020-06-16','PAID'),
	(193,388,80,0,6.4,'2020-05-01','2020-05-01','2020-05-31','2020-05-16','PAID'),
	(194,281,135,0,10.8,'2020-01-01','2020-01-01','2020-01-31','2020-01-16','PAID'),
	(195,36,70,0,5.6,'2020-02-01','2020-02-01','2020-02-29','2020-02-16','PAID'),
	(196,341,170,0,13.6,'2020-12-01','2020-12-01','2020-12-31','2020-12-16',''),
	(197,216,30,0,2.4,'2020-04-01','2020-04-01','2020-04-30','2020-04-16','PAID'),
	(198,69,120,0,9.6,'2020-09-01','2020-09-01','2020-09-30','2020-09-16','PAID'),
	(199,325,100,0,8,'2020-07-01','2020-07-01','2020-07-31','2020-07-16','PAID'),
	(200,358,50,0,4,'2020-01-01','2020-01-01','2020-01-31','2020-01-16','PAID'),
	(201,162,195,0,15.6,'2020-05-01','2020-05-01','2020-05-31','2020-05-16','PAID'),
	(202,183,65,0,5.2,'2020-08-01','2020-08-01','2020-08-31','2020-08-16','PAID'),
	(203,319,140,0,11.2,'2020-10-01','2020-10-01','2020-10-31','2020-10-16','PAID'),
	(204,324,140,0,11.2,'2020-12-01','2020-12-01','2020-12-31','2020-12-16',''),
	(205,215,85,0,6.8,'2020-08-01','2020-08-01','2020-08-31','2020-08-16','PAID'),
	(206,424,180,0,14.4,'2020-03-01','2020-03-01','2020-03-31','2020-03-16','PAID'),
	(207,204,165,0,13.2,'2020-01-01','2020-01-01','2020-01-31','2020-01-16','PAID'),
	(208,205,55,0,4.4,'2020-05-01','2020-05-01','2020-05-31','2020-05-16','PAID'),
	(209,427,200,0,16,'2020-09-01','2020-09-01','2020-09-30','2020-09-16','PAID'),
	(210,96,45,0,3.6,'2020-12-01','2020-12-01','2020-12-31','2020-12-16',''),
	(211,231,200,0,16,'2020-06-01','2020-06-01','2020-06-30','2020-06-16','PAID'),
	(212,33,195,0,15.6,'2020-11-01','2020-11-01','2020-11-30','2020-11-16','PAID'),
	(213,149,100,0,8,'2020-05-01','2020-05-01','2020-05-31','2020-05-16','PAID'),
	(214,347,35,0,2.8,'2020-11-01','2020-11-01','2020-11-30','2020-11-16','PAID'),
	(215,357,195,0,15.6,'2020-10-01','2020-10-01','2020-10-31','2020-10-16','PAID'),
	(216,62,85,0,6.8,'2020-12-01','2020-12-01','2020-12-31','2020-12-16',''),
	(217,41,125,0,10,'2020-08-01','2020-08-01','2020-08-31','2020-08-16','PAID'),
	(218,221,185,0,14.8,'2020-07-01','2020-07-01','2020-07-31','2020-07-16','PAID'),
	(219,370,200,0,16,'2020-09-01','2020-09-01','2020-09-30','2020-09-16','PAID'),
	(220,272,190,0,15.2,'2020-04-01','2020-04-01','2020-04-30','2020-04-16','PAID'),
	(221,105,150,0,12,'2020-10-01','2020-10-01','2020-10-31','2020-10-16','PAID'),
	(222,74,125,0,10,'2020-11-01','2020-11-01','2020-11-30','2020-11-16','PAID'),
	(223,177,155,0,12.4,'2020-12-01','2020-12-01','2020-12-31','2020-12-16',''),
	(224,130,110,0,8.8,'2020-08-01','2020-08-01','2020-08-31','2020-08-16','PAID'),
	(225,98,65,0,5.2,'2020-05-01','2020-05-01','2020-05-31','2020-05-16','PAID'),
	(226,278,20,0,1.6,'2020-12-01','2020-12-01','2020-12-31','2020-12-16',''),
	(227,23,130,0,10.4,'2020-03-01','2020-03-01','2020-03-31','2020-03-16','PAID'),
	(228,90,30,0,2.4,'2020-07-01','2020-07-01','2020-07-31','2020-07-16','PAID'),
	(229,403,35,0,2.8,'2020-11-01','2020-11-01','2020-11-30','2020-11-16','PAID'),
	(230,365,200,0,16,'2020-10-01','2020-10-01','2020-10-31','2020-10-16','PAID'),
	(231,16,170,0,13.6,'2020-03-01','2020-03-01','2020-03-31','2020-03-16','PAID'),
	(232,237,50,0,4,'2020-09-01','2020-09-01','2020-09-30','2020-09-16','PAID'),
	(233,72,105,0,8.4,'2020-10-01','2020-10-01','2020-10-31','2020-10-16','PAID'),
	(234,202,30,0,2.4,'2020-05-01','2020-05-01','2020-05-31','2020-05-16','PAID'),
	(235,31,200,0,16,'2020-06-01','2020-06-01','2020-06-30','2020-06-16','PAID'),
	(236,29,165,0,13.2,'2020-03-01','2020-03-01','2020-03-31','2020-03-16','PAID'),
	(237,394,200,0,16,'2020-04-01','2020-04-01','2020-04-30','2020-04-16','PAID'),
	(238,139,100,0,8,'2020-04-01','2020-04-01','2020-04-30','2020-04-16','PAID'),
	(239,329,95,0,7.6,'2020-02-01','2020-02-01','2020-02-29','2020-02-16','PAID'),
	(240,19,10,0,0.8,'2020-01-01','2020-01-01','2020-01-31','2020-01-16','PAID'),
	(241,199,50,0,4,'2020-12-01','2020-12-01','2020-12-31','2020-12-16',''),
	(242,55,10,0,0.8,'2020-11-01','2020-11-01','2020-11-30','2020-11-16','PAID'),
	(243,32,160,0,12.8,'2020-04-01','2020-04-01','2020-04-30','2020-04-16','PAID'),
	(244,5,110,0,8.8,'2020-12-01','2020-12-01','2020-12-31','2020-12-16',''),
	(245,405,160,0,12.8,'2020-02-01','2020-02-01','2020-02-29','2020-02-16','PAID'),
	(246,237,20,0,1.6,'2020-05-01','2020-05-01','2020-05-31','2020-05-16','PAID'),
	(247,38,30,0,2.4,'2020-04-01','2020-04-01','2020-04-30','2020-04-16','PAID'),
	(248,206,25,0,2,'2020-09-01','2020-09-01','2020-09-30','2020-09-16','PAID'),
	(249,200,40,0,3.2,'2020-06-01','2020-06-01','2020-06-30','2020-06-16','PAID'),
	(250,74,165,0,13.2,'2020-06-01','2020-06-01','2020-06-30','2020-06-16','PAID'),
	(251,224,150,0,12,'2020-06-01','2020-06-01','2020-06-30','2020-06-16','PAID'),
	(252,385,200,0,16,'2020-12-01','2020-12-01','2020-12-31','2020-12-16',''),
	(253,227,35,0,2.8,'2020-12-01','2020-12-01','2020-12-31','2020-12-16',''),
	(254,261,85,0,6.8,'2020-06-01','2020-06-01','2020-06-30','2020-06-16','PAID'),
	(255,423,180,0,14.4,'2020-02-01','2020-02-01','2020-02-29','2020-02-16','PAID'),
	(256,402,140,0,11.2,'2020-12-01','2020-12-01','2020-12-31','2020-12-16',''),
	(257,37,90,0,7.2,'2020-12-01','2020-12-01','2020-12-31','2020-12-16',''),
	(258,231,175,0,14,'2020-01-01','2020-01-01','2020-01-31','2020-01-16','PAID'),
	(259,338,80,0,6.4,'2020-02-01','2020-02-01','2020-02-29','2020-02-16','PAID'),
	(260,222,160,0,12.8,'2020-07-01','2020-07-01','2020-07-31','2020-07-16','PAID'),
	(261,223,60,0,4.8,'2020-06-01','2020-06-01','2020-06-30','2020-06-16','PAID'),
	(262,265,50,0,4,'2020-11-01','2020-11-01','2020-11-30','2020-11-16','PAID'),
	(263,394,195,0,15.6,'2020-07-01','2020-07-01','2020-07-31','2020-07-16','PAID'),
	(264,52,140,0,11.2,'2020-11-01','2020-11-01','2020-11-30','2020-11-16','PAID'),
	(265,119,165,0,13.2,'2020-12-01','2020-12-01','2020-12-31','2020-12-16',''),
	(266,235,50,0,4,'2020-09-01','2020-09-01','2020-09-30','2020-09-16','PAID'),
	(267,209,145,0,11.6,'2020-02-01','2020-02-01','2020-02-29','2020-02-16','PAID'),
	(268,46,80,0,6.4,'2020-04-01','2020-04-01','2020-04-30','2020-04-16','PAID'),
	(269,63,45,0,3.6,'2020-09-01','2020-09-01','2020-09-30','2020-09-16','PAID'),
	(270,396,70,0,5.6,'2020-12-01','2020-12-01','2020-12-31','2020-12-16',''),
	(271,13,195,0,15.6,'2020-12-01','2020-12-01','2020-12-31','2020-12-16',''),
	(272,286,170,0,13.6,'2020-01-01','2020-01-01','2020-01-31','2020-01-16','PAID'),
	(273,238,130,0,10.4,'2020-03-01','2020-03-01','2020-03-31','2020-03-16','PAID'),
	(274,310,20,0,1.6,'2020-07-01','2020-07-01','2020-07-31','2020-07-16','PAID'),
	(275,132,70,0,5.6,'2020-11-01','2020-11-01','2020-11-30','2020-11-16','PAID'),
	(276,181,170,0,13.6,'2020-09-01','2020-09-01','2020-09-30','2020-09-16','PAID'),
	(277,43,155,0,12.4,'2020-01-01','2020-01-01','2020-01-31','2020-01-16','PAID'),
	(278,423,45,0,3.6,'2020-01-01','2020-01-01','2020-01-31','2020-01-16','PAID'),
	(279,89,40,0,3.2,'2020-01-01','2020-01-01','2020-01-31','2020-01-16','PAID'),
	(280,166,155,0,12.4,'2020-01-01','2020-01-01','2020-01-31','2020-01-16','PAID'),
	(281,19,150,0,12,'2020-08-01','2020-08-01','2020-08-31','2020-08-16','PAID'),
	(282,349,135,0,10.8,'2020-02-01','2020-02-01','2020-02-29','2020-02-16','PAID'),
	(283,373,170,0,13.6,'2020-12-01','2020-12-01','2020-12-31','2020-12-16',''),
	(284,141,115,0,9.2,'2020-06-01','2020-06-01','2020-06-30','2020-06-16','PAID'),
	(285,386,100,0,8,'2020-05-01','2020-05-01','2020-05-31','2020-05-16','PAID'),
	(286,83,75,0,6,'2020-03-01','2020-03-01','2020-03-31','2020-03-16','PAID'),
	(287,115,115,0,9.2,'2020-04-01','2020-04-01','2020-04-30','2020-04-16','PAID'),
	(288,197,80,0,6.4,'2020-11-01','2020-11-01','2020-11-30','2020-11-16','PAID'),
	(289,35,30,0,2.4,'2020-04-01','2020-04-01','2020-04-30','2020-04-16','PAID'),
	(290,283,165,0,13.2,'2020-07-01','2020-07-01','2020-07-31','2020-07-16','PAID'),
	(291,429,110,0,8.8,'2020-10-01','2020-10-01','2020-10-31','2020-10-16','PAID'),
	(292,191,120,0,9.6,'2020-02-01','2020-02-01','2020-02-29','2020-02-16','PAID'),
	(293,235,105,0,8.4,'2020-05-01','2020-05-01','2020-05-31','2020-05-16','PAID'),
	(294,237,150,0,12,'2020-01-01','2020-01-01','2020-01-31','2020-01-16','PAID'),
	(295,410,150,0,12,'2020-08-01','2020-08-01','2020-08-31','2020-08-16','PAID'),
	(296,54,185,0,14.8,'2020-11-01','2020-11-01','2020-11-30','2020-11-16','PAID'),
	(297,127,85,0,6.8,'2020-12-01','2020-12-01','2020-12-31','2020-12-16',''),
	(298,207,155,0,12.4,'2020-07-01','2020-07-01','2020-07-31','2020-07-16','PAID'),
	(299,47,25,0,2,'2020-05-01','2020-05-01','2020-05-31','2020-05-16','PAID'),
	(300,80,40,0,3.2,'2020-08-01','2020-08-01','2020-08-31','2020-08-16','PAID'),
	(301,86,190,0,15.2,'2020-05-01','2020-05-01','2020-05-31','2020-05-16','PAID'),
	(302,102,135,0,10.8,'2020-05-01','2020-05-01','2020-05-31','2020-05-16','PAID'),
	(303,269,70,0,5.6,'2020-07-01','2020-07-01','2020-07-31','2020-07-16','PAID'),
	(304,258,15,0,1.2,'2020-01-01','2020-01-01','2020-01-31','2020-01-16','PAID'),
	(305,159,200,0,16,'2020-11-01','2020-11-01','2020-11-30','2020-11-16','PAID'),
	(306,353,95,0,7.6,'2020-07-01','2020-07-01','2020-07-31','2020-07-16','PAID'),
	(307,397,40,0,3.2,'2020-06-01','2020-06-01','2020-06-30','2020-06-16','PAID'),
	(308,262,195,0,15.6,'2020-06-01','2020-06-01','2020-06-30','2020-06-16','PAID'),
	(309,104,90,0,7.2,'2020-11-01','2020-11-01','2020-11-30','2020-11-16','PAID'),
	(310,16,140,0,11.2,'2020-02-01','2020-02-01','2020-02-29','2020-02-16','PAID'),
	(311,188,30,0,2.4,'2020-03-01','2020-03-01','2020-03-31','2020-03-16','PAID'),
	(312,27,70,0,5.6,'2020-08-01','2020-08-01','2020-08-31','2020-08-16','PAID'),
	(313,144,155,0,12.4,'2020-02-01','2020-02-01','2020-02-29','2020-02-16','PAID'),
	(314,66,140,0,11.2,'2020-10-01','2020-10-01','2020-10-31','2020-10-16','PAID'),
	(315,107,65,0,5.2,'2020-03-01','2020-03-01','2020-03-31','2020-03-16','PAID'),
	(316,324,40,0,3.2,'2020-07-01','2020-07-01','2020-07-31','2020-07-16','PAID'),
	(317,215,155,0,12.4,'2020-04-01','2020-04-01','2020-04-30','2020-04-16','PAID'),
	(318,193,110,0,8.8,'2020-09-01','2020-09-01','2020-09-30','2020-09-16','PAID'),
	(319,294,125,0,10,'2020-02-01','2020-02-01','2020-02-29','2020-02-16','PAID'),
	(320,92,30,0,2.4,'2020-07-01','2020-07-01','2020-07-31','2020-07-16','PAID'),
	(321,248,105,0,8.4,'2020-11-01','2020-11-01','2020-11-30','2020-11-16','PAID'),
	(322,384,50,0,4,'2020-01-01','2020-01-01','2020-01-31','2020-01-16','PAID'),
	(323,60,155,0,12.4,'2020-11-01','2020-11-01','2020-11-30','2020-11-16','PAID'),
	(324,137,35,0,2.8,'2020-05-01','2020-05-01','2020-05-31','2020-05-16','PAID'),
	(325,83,185,0,14.8,'2020-04-01','2020-04-01','2020-04-30','2020-04-16','PAID'),
	(326,291,30,0,2.4,'2020-11-01','2020-11-01','2020-11-30','2020-11-16','PAID'),
	(327,188,120,0,9.6,'2020-06-01','2020-06-01','2020-06-30','2020-06-16','PAID'),
	(328,150,105,0,8.4,'2020-07-01','2020-07-01','2020-07-31','2020-07-16','PAID'),
	(329,345,155,0,12.4,'2020-02-01','2020-02-01','2020-02-29','2020-02-16','PAID'),
	(330,74,60,0,4.8,'2020-01-01','2020-01-01','2020-01-31','2020-01-16','PAID'),
	(331,156,200,0,16,'2020-05-01','2020-05-01','2020-05-31','2020-05-16','PAID'),
	(332,216,175,0,14,'2020-01-01','2020-01-01','2020-01-31','2020-01-16','PAID'),
	(333,50,95,0,7.6,'2020-05-01','2020-05-01','2020-05-31','2020-05-16','PAID'),
	(334,80,115,0,9.2,'2020-03-01','2020-03-01','2020-03-31','2020-03-16','PAID'),
	(335,176,170,0,13.6,'2020-08-01','2020-08-01','2020-08-31','2020-08-16','PAID'),
	(336,332,55,0,4.4,'2020-01-01','2020-01-01','2020-01-31','2020-01-16','PAID'),
	(337,42,65,0,5.2,'2020-09-01','2020-09-01','2020-09-30','2020-09-16','PAID'),
	(338,380,45,0,3.6,'2020-12-01','2020-12-01','2020-12-31','2020-12-16',''),
	(339,243,180,0,14.4,'2020-03-01','2020-03-01','2020-03-31','2020-03-16','PAID'),
	(340,51,150,0,12,'2020-01-01','2020-01-01','2020-01-31','2020-01-16','PAID'),
	(341,131,145,0,11.6,'2020-08-01','2020-08-01','2020-08-31','2020-08-16','PAID'),
	(342,64,85,0,6.8,'2020-12-01','2020-12-01','2020-12-31','2020-12-16',''),
	(343,264,110,0,8.8,'2020-05-01','2020-05-01','2020-05-31','2020-05-16','PAID'),
	(344,318,45,0,3.6,'2020-11-01','2020-11-01','2020-11-30','2020-11-16','PAID'),
	(345,176,50,0,4,'2020-11-01','2020-11-01','2020-11-30','2020-11-16','PAID'),
	(346,345,130,0,10.4,'2020-11-01','2020-11-01','2020-11-30','2020-11-16','PAID'),
	(347,269,15,0,1.2,'2020-05-01','2020-05-01','2020-05-31','2020-05-16','PAID'),
	(348,411,165,0,13.2,'2020-10-01','2020-10-01','2020-10-31','2020-10-16','PAID'),
	(349,377,55,0,4.4,'2020-05-01','2020-05-01','2020-05-31','2020-05-16','PAID'),
	(350,344,165,0,13.2,'2020-12-01','2020-12-01','2020-12-31','2020-12-16',''),
	(351,337,105,0,8.4,'2020-08-01','2020-08-01','2020-08-31','2020-08-16','PAID'),
	(352,184,95,0,7.6,'2020-11-01','2020-11-01','2020-11-30','2020-11-16','PAID'),
	(353,407,145,0,11.6,'2020-12-01','2020-12-01','2020-12-31','2020-12-16',''),
	(354,197,90,0,7.2,'2020-05-01','2020-05-01','2020-05-31','2020-05-16','PAID'),
	(355,20,160,0,12.8,'2020-10-01','2020-10-01','2020-10-31','2020-10-16','PAID'),
	(356,383,160,0,12.8,'2020-10-01','2020-10-01','2020-10-31','2020-10-16','PAID'),
	(357,408,105,0,8.4,'2020-12-01','2020-12-01','2020-12-31','2020-12-16',''),
	(358,175,75,0,6,'2020-11-01','2020-11-01','2020-11-30','2020-11-16','PAID'),
	(359,146,40,0,3.2,'2020-02-01','2020-02-01','2020-02-29','2020-02-16','PAID'),
	(360,183,80,0,6.4,'2020-04-01','2020-04-01','2020-04-30','2020-04-16','PAID'),
	(361,408,110,0,8.8,'2020-11-01','2020-11-01','2020-11-30','2020-11-16','PAID'),
	(362,65,105,0,8.4,'2020-01-01','2020-01-01','2020-01-31','2020-01-16','PAID'),
	(363,90,180,0,14.4,'2020-05-01','2020-05-01','2020-05-31','2020-05-16','PAID'),
	(364,381,150,0,12,'2020-07-01','2020-07-01','2020-07-31','2020-07-16','PAID'),
	(365,333,95,0,7.6,'2020-05-01','2020-05-01','2020-05-31','2020-05-16','PAID'),
	(366,358,25,0,2,'2020-11-01','2020-11-01','2020-11-30','2020-11-16','PAID'),
	(367,300,190,0,15.2,'2020-11-01','2020-11-01','2020-11-30','2020-11-16','PAID'),
	(368,111,120,0,9.6,'2020-04-01','2020-04-01','2020-04-30','2020-04-16','PAID'),
	(369,256,160,0,12.8,'2020-05-01','2020-05-01','2020-05-31','2020-05-16','PAID'),
	(370,396,165,0,13.2,'2020-08-01','2020-08-01','2020-08-31','2020-08-16','PAID'),
	(371,154,25,0,2,'2020-03-01','2020-03-01','2020-03-31','2020-03-16','PAID'),
	(372,412,145,0,11.6,'2020-08-01','2020-08-01','2020-08-31','2020-08-16','PAID'),
	(373,85,35,0,2.8,'2020-12-01','2020-12-01','2020-12-31','2020-12-16',''),
	(374,98,100,0,8,'2020-11-01','2020-11-01','2020-11-30','2020-11-16','PAID'),
	(375,236,120,0,9.6,'2020-12-01','2020-12-01','2020-12-31','2020-12-16',''),
	(376,49,135,0,10.8,'2020-06-01','2020-06-01','2020-06-30','2020-06-16','PAID'),
	(377,240,175,0,14,'2020-10-01','2020-10-01','2020-10-31','2020-10-16','PAID'),
	(378,205,35,0,2.8,'2020-02-01','2020-02-01','2020-02-29','2020-02-16','PAID'),
	(379,114,155,0,12.4,'2020-10-01','2020-10-01','2020-10-31','2020-10-16','PAID'),
	(380,133,115,0,9.2,'2020-11-01','2020-11-01','2020-11-30','2020-11-16','PAID'),
	(381,135,65,0,5.2,'2020-12-01','2020-12-01','2020-12-31','2020-12-16',''),
	(382,293,100,0,8,'2020-06-01','2020-06-01','2020-06-30','2020-06-16','PAID'),
	(383,321,25,0,2,'2020-10-01','2020-10-01','2020-10-31','2020-10-16','PAID'),
	(384,31,145,0,11.6,'2020-10-01','2020-10-01','2020-10-31','2020-10-16','PAID'),
	(385,331,100,0,8,'2020-09-01','2020-09-01','2020-09-30','2020-09-16','PAID'),
	(386,219,80,0,6.4,'2020-07-01','2020-07-01','2020-07-31','2020-07-16','PAID'),
	(387,325,30,0,2.4,'2020-02-01','2020-02-01','2020-02-29','2020-02-16','PAID'),
	(388,194,10,0,0.8,'2020-01-01','2020-01-01','2020-01-31','2020-01-16','PAID'),
	(389,386,110,0,8.8,'2020-02-01','2020-02-01','2020-02-29','2020-02-16','PAID'),
	(390,282,10,0,0.8,'2020-05-01','2020-05-01','2020-05-31','2020-05-16','PAID'),
	(391,213,90,0,7.2,'2020-10-01','2020-10-01','2020-10-31','2020-10-16','PAID'),
	(392,21,125,0,10,'2020-02-01','2020-02-01','2020-02-29','2020-02-16','PAID'),
	(393,196,95,0,7.6,'2020-01-01','2020-01-01','2020-01-31','2020-01-16','PAID'),
	(394,274,125,0,10,'2020-07-01','2020-07-01','2020-07-31','2020-07-16','PAID'),
	(395,155,185,0,14.8,'2020-05-01','2020-05-01','2020-05-31','2020-05-16','PAID'),
	(396,409,45,0,3.6,'2020-07-01','2020-07-01','2020-07-31','2020-07-16','PAID'),
	(397,368,180,0,14.4,'2020-09-01','2020-09-01','2020-09-30','2020-09-16','PAID'),
	(398,221,95,0,7.6,'2020-03-01','2020-03-01','2020-03-31','2020-03-16','PAID'),
	(399,252,130,0,10.4,'2020-09-01','2020-09-01','2020-09-30','2020-09-16','PAID'),
	(400,398,195,0,15.6,'2020-01-01','2020-01-01','2020-01-31','2020-01-16','PAID'),
	(401,166,155,0,12.4,'2020-09-01','2020-09-01','2020-09-30','2020-09-16','PAID'),
	(402,31,195,0,15.6,'2020-09-01','2020-09-01','2020-09-30','2020-09-16','PAID'),
	(403,44,20,0,1.6,'2020-04-01','2020-04-01','2020-04-30','2020-04-16','PAID'),
	(404,191,190,0,15.2,'2020-05-01','2020-05-01','2020-05-31','2020-05-16','PAID'),
	(405,213,100,0,8,'2020-04-01','2020-04-01','2020-04-30','2020-04-16','PAID'),
	(406,158,140,0,11.2,'2020-09-01','2020-09-01','2020-09-30','2020-09-16','PAID'),
	(407,231,95,0,7.6,'2020-02-01','2020-02-01','2020-02-29','2020-02-16','PAID'),
	(408,277,15,0,1.2,'2020-01-01','2020-01-01','2020-01-31','2020-01-16','PAID'),
	(409,161,10,0,0.8,'2020-11-01','2020-11-01','2020-11-30','2020-11-16','PAID'),
	(410,183,170,0,13.6,'2020-01-01','2020-01-01','2020-01-31','2020-01-16','PAID'),
	(411,272,195,0,15.6,'2020-03-01','2020-03-01','2020-03-31','2020-03-16','PAID'),
	(412,386,175,0,14,'2020-12-01','2020-12-01','2020-12-31','2020-12-16',''),
	(413,84,190,0,15.2,'2020-01-01','2020-01-01','2020-01-31','2020-01-16','PAID'),
	(414,197,100,0,8,'2020-06-01','2020-06-01','2020-06-30','2020-06-16','PAID'),
	(415,98,195,0,15.6,'2020-08-01','2020-08-01','2020-08-31','2020-08-16','PAID'),
	(416,429,115,0,9.2,'2020-05-01','2020-05-01','2020-05-31','2020-05-16','PAID'),
	(417,416,105,0,8.4,'2020-07-01','2020-07-01','2020-07-31','2020-07-16','PAID'),
	(418,228,115,0,9.2,'2020-04-01','2020-04-01','2020-04-30','2020-04-16','PAID'),
	(419,174,30,0,2.4,'2020-10-01','2020-10-01','2020-10-31','2020-10-16','PAID'),
	(420,376,140,0,11.2,'2020-01-01','2020-01-01','2020-01-31','2020-01-16','PAID'),
	(421,327,90,0,7.2,'2020-02-01','2020-02-01','2020-02-29','2020-02-16','PAID'),
	(422,413,60,0,4.8,'2020-05-01','2020-05-01','2020-05-31','2020-05-16','PAID'),
	(423,264,140,0,11.2,'2020-02-01','2020-02-01','2020-02-29','2020-02-16','PAID'),
	(424,22,110,0,8.8,'2020-06-01','2020-06-01','2020-06-30','2020-06-16','PAID'),
	(425,283,140,0,11.2,'2020-06-01','2020-06-01','2020-06-30','2020-06-16','PAID'),
	(426,430,170,0,13.6,'2020-09-01','2020-09-01','2020-09-30','2020-09-16','PAID'),
	(427,404,65,0,5.2,'2020-04-01','2020-04-01','2020-04-30','2020-04-16','PAID'),
	(428,23,80,0,6.4,'2020-03-01','2020-03-01','2020-03-31','2020-03-16','PAID'),
	(429,348,150,0,12,'2020-04-01','2020-04-01','2020-04-30','2020-04-16','PAID'),
	(430,207,135,0,10.8,'2020-03-01','2020-03-01','2020-03-31','2020-03-16','PAID'),
	(431,244,75,0,6,'2020-02-01','2020-02-01','2020-02-29','2020-02-16','PAID'),
	(432,393,15,0,1.2,'2020-08-01','2020-08-01','2020-08-31','2020-08-16','PAID'),
	(433,272,170,0,13.6,'2020-06-01','2020-06-01','2020-06-30','2020-06-16','PAID'),
	(434,46,180,0,14.4,'2020-11-01','2020-11-01','2020-11-30','2020-11-16','PAID'),
	(435,423,135,0,10.8,'2020-08-01','2020-08-01','2020-08-31','2020-08-16','PAID'),
	(436,196,130,0,10.4,'2020-07-01','2020-07-01','2020-07-31','2020-07-16','PAID'),
	(437,87,30,0,2.4,'2020-12-01','2020-12-01','2020-12-31','2020-12-16',''),
	(438,256,200,0,16,'2020-10-01','2020-10-01','2020-10-31','2020-10-16','PAID'),
	(439,113,95,0,7.6,'2020-03-01','2020-03-01','2020-03-31','2020-03-16','PAID'),
	(440,205,180,0,14.4,'2020-12-01','2020-12-01','2020-12-31','2020-12-16',''),
	(441,408,185,0,14.8,'2020-02-01','2020-02-01','2020-02-29','2020-02-16','PAID'),
	(442,210,200,0,16,'2020-06-01','2020-06-01','2020-06-30','2020-06-16','PAID'),
	(443,180,35,0,2.8,'2020-02-01','2020-02-01','2020-02-29','2020-02-16','PAID'),
	(444,275,135,0,10.8,'2020-07-01','2020-07-01','2020-07-31','2020-07-16','PAID'),
	(445,12,100,0,8,'2020-08-01','2020-08-01','2020-08-31','2020-08-16','PAID'),
	(446,236,90,0,7.2,'2020-02-01','2020-02-01','2020-02-29','2020-02-16','PAID'),
	(447,202,15,0,1.2,'2020-07-01','2020-07-01','2020-07-31','2020-07-16','PAID'),
	(448,262,175,0,14,'2020-06-01','2020-06-01','2020-06-30','2020-06-16','PAID'),
	(449,414,60,0,4.8,'2020-07-01','2020-07-01','2020-07-31','2020-07-16','PAID');

	
INSERT INTO customerbill
VALUES
	(1,1,'288',1),
	(2,2,'75',7),
	(3,3,'225',2),
	(4,4,'27',3),
	(5,5,'409.5',7),
	(6,6,'150',2),
	(7,7,'207',7),
	(8,8,'135',11),
	(9,9,'351',1),
	(10,10,'367.5',11),
	(11,11,'234',3),
	(12,12,'90',2),
	(13,13,'225',12),
	(14,14,'90',1),
	(15,15,'80',3),
	(16,16,'126',3),
	(17,17,'60',8),
	(18,18,'110',11),
	(19,19,'130',6),
	(20,20,'255',10),
	(21,21,'75',9),
	(22,22,'540',10),
	(23,23,'45',3),
	(24,24,'162',2),
	(25,25,'147',4),
	(26,26,'157.5',10),
	(27,27,'42',2),
	(28,28,'270',7),
	(29,29,'325.5',5),
	(30,30,'279',1),
	(31,31,'135',7),
	(32,32,'300',8),
	(33,33,'63',8),
	(34,34,'150',10),
	(35,35,'110',12),
	(36,36,'360',7),
	(37,37,'525',7),
	(38,38,'200',7),
	(39,39,'290',8),
	(40,40,'600',2),
	(41,41,'70',11),
	(42,42,'45',10),
	(43,43,'336',5),
	(44,44,'270',1),
	(45,45,'420',4),
	(46,46,'360',2),
	(47,47,'252',12),
	(48,48,'297',8),
	(49,49,'300',12),
	(50,50,'220.5',7),
	(51,51,'99',10),
	(52,52,'252',9),
	(53,53,'189',1),
	(54,54,'310',7),
	(55,55,'315',5),
	(56,56,'360',1),
	(57,57,'94.5',10),
	(58,58,'21',11),
	(59,59,'40',10),
	(60,60,'342',11),
	(61,61,'140',7),
	(62,62,'255',11),
	(63,63,'340',12),
	(64,64,'250',1),
	(65,65,'90',3),
	(66,66,'243',4),
	(67,67,'310',7),
	(68,68,'75',4),
	(69,69,'190',9),
	(70,70,'243',12),
	(71,71,'304.5',1),
	(72,72,'210',6),
	(73,73,'225',7),
	(74,74,'350',1),
	(75,75,'90',6),
	(76,76,'360',6),
	(77,77,'350',4),
	(78,78,'225',7),
	(79,79,'170',5),
	(80,80,'279',6),
	(81,81,'105',4),
	(82,82,'180',5),
	(83,83,'60',12),
	(84,84,'50',8),
	(85,85,'409.5',1),
	(86,86,'225',3),
	(87,87,'75',11),
	(88,88,'165',7),
	(89,89,'304.5',12),
	(90,90,'60',5),
	(91,91,'262.5',1),
	(92,92,'525',3),
	(93,93,'31.5',3),
	(94,94,'320',7),
	(95,95,'555',7),
	(96,96,'555',10),
	(97,97,'180',3),
	(98,98,'360',6),
	(99,99,'18',9),
	(100,100,'400',10),
	(101,101,'81',10),
	(102,102,'147',6),
	(103,103,'153',3),
	(104,104,'306',9),
	(105,105,'600',2),
	(106,106,'390',10),
	(107,107,'130',3),
	(108,108,'315',10),
	(109,109,'585',10),
	(110,110,'378',4),
	(111,111,'300',1),
	(112,112,'178.5',2),
	(113,113,'240',11),
	(114,114,'234',1),
	(115,115,'324',6),
	(116,116,'390',3),
	(117,117,'346.5',8),
	(118,118,'300',8),
	(119,119,'144',3),
	(120,120,'290',9),
	(121,121,'357',2),
	(122,122,'360',11),
	(123,123,'480',8),
	(124,124,'31.5',11),
	(125,125,'216',1),
	(126,126,'400',3),
	(127,127,'480',11),
	(128,128,'36',12),
	(129,129,'150',7),
	(130,130,'180',3),
	(131,131,'147',4),
	(132,132,'320',12),
	(133,133,'325.5',5),
	(134,134,'178.5',9),
	(135,135,'375',7),
	(136,136,'540',3),
	(137,137,'18',11),
	(138,138,'225',6),
	(139,139,'325.5',7),
	(140,140,'105',10),
	(141,141,'315',2),
	(142,142,'435',6),
	(143,143,'360',10),
	(144,144,'160',8),
	(145,145,'120',5),
	(146,146,'42',9),
	(147,147,'99',3),
	(148,148,'283.5',9),
	(149,149,'189',3),
	(150,150,'279',11),
	(151,151,'150',9),
	(152,152,'120',5),
	(153,153,'165',3),
	(154,154,'168',3),
	(155,155,'465',7),
	(156,156,'170',3),
	(157,157,'261',10),
	(158,158,'450',8),
	(159,159,'333',2),
	(160,160,'168',6),
	(161,161,'336',3),
	(162,162,'399',6),
	(163,163,'216',11),
	(164,164,'140',12),
	(165,165,'170',8),
	(166,166,'18',9),
	(167,167,'90',1),
	(168,168,'90',11),
	(169,169,'189',9),
	(170,170,'261',12),
	(171,171,'300',9),
	(172,172,'54',10),
	(173,173,'90',7),
	(174,174,'285',11),
	(175,175,'160',6),
	(176,176,'294',9),
	(177,177,'304.5',8),
	(178,178,'105',9),
	(179,179,'90',7),
	(180,180,'262.5',2),
	(181,181,'325.5',12),
	(182,182,'294',3),
	(183,183,'90',9),
	(184,184,'153',2),
	(185,185,'540',12),
	(186,186,'240',2),
	(187,187,'45',2),
	(188,188,'262.5',12),
	(189,189,'199.5',8),
	(190,190,'330',3),
	(191,191,'63',4),
	(192,192,'45',6),
	(193,193,'144',5),
	(194,194,'283.5',1),
	(195,195,'147',2),
	(196,196,'510',12),
	(197,197,'63',4),
	(198,198,'240',9),
	(199,199,'210',7),
	(200,200,'100',1),
	(201,201,'585',5),
	(202,202,'136.5',8),
	(203,203,'252',10),
	(204,204,'252',12),
	(205,205,'178.5',8),
	(206,206,'324',3),
	(207,207,'330',1),
	(208,208,'115.5',5),
	(209,209,'600',9),
	(210,210,'81',12),
	(211,211,'600',6),
	(212,212,'585',11),
	(213,213,'210',5),
	(214,214,'70',11),
	(215,215,'409.5',10),
	(216,216,'178.5',12),
	(217,217,'250',8),
	(218,218,'388.5',7),
	(219,219,'600',9),
	(220,220,'399',4),
	(221,221,'270',10),
	(222,222,'375',11),
	(223,223,'310',12),
	(224,224,'330',8),
	(225,225,'117',5),
	(226,226,'36',12),
	(227,227,'390',3),
	(228,228,'90',7),
	(229,229,'105',11),
	(230,230,'600',10),
	(231,231,'306',3),
	(232,232,'100',9),
	(233,233,'315',10),
	(234,234,'63',5),
	(235,235,'400',6),
	(236,236,'495',3),
	(237,237,'420',4),
	(238,238,'200',4),
	(239,239,'199.5',2),
	(240,240,'18',1),
	(241,241,'150',12),
	(242,242,'30',11),
	(243,243,'288',4),
	(244,244,'198',12),
	(245,245,'336',2),
	(246,246,'40',5),
	(247,247,'90',4),
	(248,248,'45',9),
	(249,249,'80',6),
	(250,250,'495',6),
	(251,251,'450',6),
	(252,252,'400',12),
	(253,253,'105',12),
	(254,254,'170',6),
	(255,255,'378',2),
	(256,256,'420',12),
	(257,257,'162',12),
	(258,258,'525',1),
	(259,259,'144',2),
	(260,260,'320',7),
	(261,261,'126',6),
	(262,262,'150',11),
	(263,263,'409.5',7),
	(264,264,'294',11),
	(265,265,'495',12),
	(266,266,'150',9),
	(267,267,'261',2),
	(268,268,'240',4),
	(269,269,'94.5',9),
	(270,270,'140',12),
	(271,271,'351',12),
	(272,272,'510',1),
	(273,273,'390',3),
	(274,274,'36',7),
	(275,275,'126',11),
	(276,276,'510',9),
	(277,277,'325.5',1),
	(278,278,'94.5',1),
	(279,279,'84',1),
	(280,280,'465',1),
	(281,281,'270',8),
	(282,282,'243',2),
	(283,283,'340',12),
	(284,284,'345',6),
	(285,285,'210',5),
	(286,286,'225',3),
	(287,287,'230',4),
	(288,288,'160',11),
	(289,289,'60',4),
	(290,290,'330',7),
	(291,291,'231',10),
	(292,292,'252',2),
	(293,293,'315',5),
	(294,294,'300',1),
	(295,295,'270',8),
	(296,296,'333',11),
	(297,297,'153',12),
	(298,298,'465',7),
	(299,299,'50',5),
	(300,300,'72',8),
	(301,301,'570',5),
	(302,302,'243',5),
	(303,303,'147',7),
	(304,304,'30',1),
	(305,305,'400',11),
	(306,306,'190',7),
	(307,307,'72',6),
	(308,308,'351',6),
	(309,309,'180',11),
	(310,310,'252',2),
	(311,311,'63',3),
	(312,312,'147',8),
	(313,313,'279',2),
	(314,314,'420',10),
	(315,315,'117',3),
	(316,316,'72',7),
	(317,317,'325.5',4),
	(318,318,'198',9),
	(319,319,'225',2),
	(320,320,'63',7),
	(321,321,'210',11),
	(322,322,'90',1),
	(323,323,'325.5',11),
	(324,324,'70',5),
	(325,325,'555',4),
	(326,326,'60',11),
	(327,327,'252',6),
	(328,328,'189',7),
	(329,329,'279',2),
	(330,330,'180',1),
	(331,331,'400',5),
	(332,332,'367.5',1),
	(333,333,'190',5),
	(334,334,'207',3),
	(335,335,'306',8),
	(336,336,'115.5',1),
	(337,337,'130',9),
	(338,338,'81',12),
	(339,339,'540',3),
	(340,340,'270',1),
	(341,341,'261',8),
	(342,342,'178.5',12),
	(343,343,'220',5),
	(344,344,'135',11),
	(345,345,'90',11),
	(346,346,'234',11),
	(347,347,'31.5',5),
	(348,348,'330',10),
	(349,349,'110',5),
	(350,350,'297',12),
	(351,351,'210',8),
	(352,352,'285',11),
	(353,353,'304.5',12),
	(354,354,'180',5),
	(355,355,'336',10),
	(356,356,'336',10),
	(357,357,'210',12),
	(358,358,'135',11),
	(359,359,'84',2),
	(360,360,'168',4),
	(361,361,'220',11),
	(362,362,'220.5',1),
	(363,363,'540',5),
	(364,364,'300',7),
	(365,365,'285',5),
	(366,366,'50',11),
	(367,367,'570',11),
	(368,368,'252',4),
	(369,369,'288',5),
	(370,370,'330',8),
	(371,371,'45',3),
	(372,372,'290',8),
	(373,373,'73.5',12),
	(374,374,'180',11),
	(375,375,'252',12),
	(376,376,'243',6),
	(377,377,'315',10),
	(378,378,'73.5',2),
	(379,379,'310',10),
	(380,380,'345',11),
	(381,381,'117',12),
	(382,382,'180',6),
	(383,383,'50',10),
	(384,384,'290',10),
	(385,385,'200',9),
	(386,386,'144',7),
	(387,387,'63',2),
	(388,388,'30',1),
	(389,389,'231',2),
	(390,390,'30',5),
	(391,391,'189',10),
	(392,392,'262.5',2),
	(393,393,'285',1),
	(394,394,'262.5',7),
	(395,395,'333',5),
	(396,396,'81',7),
	(397,397,'378',9),
	(398,398,'199.5',3),
	(399,399,'234',9),
	(400,400,'409.5',1),
	(401,401,'465',9),
	(402,402,'390',9),
	(403,403,'60',4),
	(404,404,'399',5),
	(405,405,'210',4),
	(406,406,'294',9),
	(407,407,'285',2),
	(408,408,'30',1),
	(409,409,'20',11),
	(410,410,'357',1),
	(411,411,'409.5',3),
	(412,412,'367.5',12),
	(413,413,'380',1),
	(414,414,'200',6),
	(415,415,'351',8),
	(416,416,'241.5',5),
	(417,417,'220.5',7),
	(418,418,'345',4),
	(419,419,'90',10),
	(420,420,'294',1),
	(421,421,'270',2),
	(422,422,'126',5),
	(423,423,'280',2),
	(424,424,'330',6),
	(425,425,'280',6),
	(426,426,'340',9),
	(427,427,'130',4),
	(428,428,'240',3),
	(429,429,'315',4),
	(430,430,'405',3),
	(431,431,'150',2),
	(432,432,'45',8),
	(433,433,'357',6),
	(434,434,'540',11),
	(435,435,'283.5',8),
	(436,436,'390',7),
	(437,437,'54',12),
	(438,438,'360',10),
	(439,439,'171',3),
	(440,440,'378',12),
	(441,441,'370',2),
	(442,442,'420',6),
	(443,443,'73.5',2),
	(444,444,'283.5',7),
	(445,445,'210',8),
	(446,446,'189',2),
	(447,447,'31.5',7),
	(448,448,'315',6),
	(449,449,'108',7);

